_id,assessmentSessionId,sessionName,userId,assessmentDate,score,__v,maxScore
66139b0ba17a6dbac96b1726,66138a552b58b7175bca70b4,"Cloud deployment models (Public, Private, Hybrid, Multi-cloud)",661224230ccdccd17b1e084c,2024-04-11 08:00:00,85,0.0,100
6614ee8967ee280377892d99,661380ac2b58b7175bca7031,"Cloud deployment models (Public, Private, Hybrid, Multi-cloud)",661224230ccdccd17b1e084c,2024-04-10 12:00:00,43,,100
6614ee8967ee280377892d9a,66138a552b58b7175bca70b4,"Cloud deployment models (Public, Private, Hybrid, Multi-cloud)",661224230ccdccd17b1e084c,2024-04-11 15:00:00,69,,100
6614ee8967ee280377892d9b,6613a181a17a6dbac96b1781,Infrastructure as Code (IaC),661224230ccdccd17b1e084c,2024-04-11 11:30:00,63,,100
6614ee8967ee280377892d9c,6613e4e59ee42a92eca133ee,Feature engineering,660feb0a6f3688dd93b442d9,2024-01-11 00:00:00,40,,100
6614ee8967ee280377892d9d,6613e4e59ee42a92eca133ef,Reinforcement learning,660fe8a86f3688dd93b3667b,2024-01-10 00:00:00,94,,100
6614ee8967ee280377892d9e,6613e4e59ee42a92eca133f0,Model evaluation and validation,661224230ccdccd17b1e084c,2024-01-06 00:00:00,51,,100
6614ee8967ee280377892d9f,6613e4e59ee42a92eca133f1,Infrastructure automation,660feb0a6f3688dd93b442e7,2024-01-13 00:00:00,56,,100
6614ee8967ee280377892da0,6613e4e59ee42a92eca133f2,User research,660feb0a6f3688dd93b442c5,2024-01-08 00:00:00,70,,100
6614ee8967ee280377892da1,6613e4e59ee42a92eca133f3,A/B testing methodologies,660feb0a6f3688dd93b442cf,2024-01-12 00:00:00,71,,100
6614ee8967ee280377892da2,6613e4e59ee42a92eca133f4,Model evaluation and validation,660fe8a86f3688dd93b36694,2024-01-10 00:00:00,36,,100
6614ee8967ee280377892da3,6613e4e59ee42a92eca133f5,Data governance,660feb0a6f3688dd93b442e7,2024-01-10 00:00:00,97,,100
6614ee8967ee280377892da4,6613e4e59ee42a92eca133f6,Prototyping,660fe8a86f3688dd93b36685,2024-01-16 00:00:00,93,,100
6614ee8967ee280377892da5,6613e4e59ee42a92eca133f7,Data Science Fundamentals,660feb0a6f3688dd93b442de,2024-01-08 00:00:00,81,,100
6614ee8967ee280377892da6,6613e4e59ee42a92eca133f8,Test automation frameworks,660feb0a6f3688dd93b442c8,2024-01-12 00:00:00,73,,100
6614ee8967ee280377892da7,6613e4e59ee42a92eca133f9,"Message brokers (e.g., RabbitMQ, Kafka)",660fe8a86f3688dd93b36695,2024-01-08 00:00:00,95,,100
6614ee8967ee280377892da8,6613e4e59ee42a92eca133fa,Automated incident response,660feb0a6f3688dd93b442fa,2024-01-13 00:00:00,81,,100
6614ee8a67ee280377892da9,6613e4e59ee42a92eca133fb,User personas,660feb0a6f3688dd93b442d9,2024-01-12 00:00:00,90,,100
6614ee8a67ee280377892daa,6613e4e59ee42a92eca133fc,Monitoring and logging in cloud environments,660feb0a6f3688dd93b442e4,2024-01-15 00:00:00,45,,100
6614ee8a67ee280377892dab,6613e4e59ee42a92eca133fd,"Cloud deployment models (Public, Private, Hybrid, Multi-cloud)",660fe8a86f3688dd93b36678,2024-01-10 00:00:00,43,,100
6614ee8a67ee280377892dac,6613e4e59ee42a92eca133fe,Advanced Machine Learning,661224230ccdccd17b1e084c,2024-01-16 00:00:00,81,,100
6614ee8a67ee280377892dad,6613e4e59ee42a92eca133ff,Interaction design,660feb0a6f3688dd93b442d6,2024-01-08 00:00:00,89,,100
6614ee8a67ee280377892dae,6613e4e59ee42a92eca13400,Information architecture,660feb0a6f3688dd93b442c0,2024-01-11 00:00:00,57,,100
6614ee8a67ee280377892daf,6613e4e59ee42a92eca13401,Software architecture,660feb0a6f3688dd93b442e8,2024-01-08 00:00:00,65,,100
6614ee8a67ee280377892db0,6613e4e59ee42a92eca13402,Data warehouses,6613726b575d5b967ace46b4,2024-01-12 00:00:00,52,,100
6614ee8a67ee280377892db1,6613e4e59ee42a92eca13403,Data preprocessing techniques,660fe8a86f3688dd93b36684,2024-01-08 00:00:00,45,,100
6614ee8a67ee280377892db2,6613e4e59ee42a92eca13404,Cost management in the cloud,660fe8a86f3688dd93b3669b,2024-01-14 00:00:00,76,,100
6614ee8a67ee280377892db3,6613e4e59ee42a92eca13405,Exploratory data analysis (EDA),660feb0a6f3688dd93b442ca,2024-01-08 00:00:00,55,,100
6614ee8a67ee280377892db4,6613e4e59ee42a92eca13406,Scalable backend architectures,660feb0a6f3688dd93b442e0,2024-01-09 00:00:00,92,,100
6614ee8a67ee280377892db5,6613e4e59ee42a92eca13407,Data Analytics Bootcamp,660fe8a86f3688dd93b36687,2024-01-05 00:00:00,30,,100
6614ee8a67ee280377892db6,6613e4e59ee42a92eca13408,Data Engineering Essentials,660fe8a86f3688dd93b3668e,2024-01-10 00:00:00,89,,100
6614ee8a67ee280377892db7,6613e4e59ee42a92eca13409,Refactoring techniques,660feb0a6f3688dd93b442ea,2024-01-09 00:00:00,47,,100
6614ee8a67ee280377892db8,6613e4e59ee42a92eca1340a,"Server-side programming languages (e.g., Node.js, Django, Flask)",660feb0a6f3688dd93b442c2,2024-01-15 00:00:00,96,,100
6614ee8a67ee280377892db9,6613e4e59ee42a92eca1340b,User personas,660feb0a6f3688dd93b442f9,2024-01-16 00:00:00,85,,100
6614ee8a67ee280377892dba,6613e4e59ee42a92eca1340c,"Server-side programming languages (e.g., Node.js, Django, Flask)",660feb0a6f3688dd93b442cb,2024-01-09 00:00:00,74,,100
6614ee8b67ee280377892dbb,6613e4e59ee42a92eca1340d,Automated documentation generation,660fe8a86f3688dd93b36682,2024-01-04 00:00:00,48,,100
6614ee8b67ee280377892dbc,6613e4e59ee42a92eca1340e,Real-time data processing,660fe8a86f3688dd93b36698,2024-01-14 00:00:00,78,,100
6614ee8b67ee280377892dbd,6613e4e59ee42a92eca1340f,Continuous testing,660fe8a86f3688dd93b3668e,2024-01-11 00:00:00,36,,100
6614ee8b67ee280377892dbe,6613e4e59ee42a92eca13410,Usability testing,660fe8a86f3688dd93b3667b,2024-01-07 00:00:00,87,,100
6614ee8b67ee280377892dbf,6613e4e59ee42a92eca13411,Object-oriented programming (OOP),660feb0a6f3688dd93b442d4,2024-01-07 00:00:00,84,,100
6614ee8b67ee280377892dc0,6613e4e59ee42a92eca13412,Data pipelines,660feb0a6f3688dd93b442df,2024-01-08 00:00:00,87,,100
6614ee8b67ee280377892dc1,6613e4e59ee42a92eca13413,Database optimization,660feb0a6f3688dd93b442da,2024-01-16 00:00:00,61,,100
6614ee8b67ee280377892dc2,6613e4e59ee42a92eca13414,Automated incident response,660feb0a6f3688dd93b442db,2024-01-11 00:00:00,50,,100
6614ee8b67ee280377892dc3,6613e4e59ee42a92eca13415,Automated documentation generation,660feb0a6f3688dd93b442d9,2024-01-13 00:00:00,90,,100
6614ee8b67ee280377892dc4,6613e4e59ee42a92eca13416,Cost management in the cloud,660fe8a86f3688dd93b36695,2024-01-07 00:00:00,31,,100
6614ee8b67ee280377892dc5,6613e4e59ee42a92eca13417,Automated deployment pipelines,660feb0a6f3688dd93b442f8,2024-01-11 00:00:00,51,,100
6614ee8b67ee280377892dc6,6613e4e59ee42a92eca13418,"Containers and container orchestration (e.g., Docker, Kubernetes)",660feb0a6f3688dd93b442f2,2024-01-04 00:00:00,30,,100
6614ee8b67ee280377892dc7,6613e4e59ee42a92eca13419,Data modeling and ORM (Object-Relational Mapping),660feb0a6f3688dd93b442e1,2024-01-08 00:00:00,93,,100
6614ee8b67ee280377892dc8,6613e4e59ee42a92eca1341a,Automated deployment pipelines,660fe8a86f3688dd93b36678,2024-01-12 00:00:00,94,,100
6614ee8b67ee280377892dc9,6613e4e59ee42a92eca1341b,Design patterns,660feb0a6f3688dd93b442ce,2024-01-03 00:00:00,97,,100
6614ee8b67ee280377892dca,6613e4e59ee42a92eca1341c,Continuous testing,660feb0a6f3688dd93b442c5,2024-01-11 00:00:00,58,,100
6614ee8b67ee280377892dcb,6613e4e59ee42a92eca1341d,"Configuration management tools (e.g., Ansible, Chef, Puppet)",660feb0a6f3688dd93b442e0,2024-01-11 00:00:00,31,,100
6614ee8b67ee280377892dcc,6613e4e59ee42a92eca1341e,Prototyping,660feb0a6f3688dd93b442ef,2024-01-11 00:00:00,87,,100
6614ee8c67ee280377892dcd,6613e4e59ee42a92eca1341f,Caching strategies,660feb0a6f3688dd93b442e6,2024-01-04 00:00:00,96,,100
6614ee8c67ee280377892dce,6613e4e59ee42a92eca13420,"Message brokers (e.g., RabbitMQ, Kafka)",660fe8a86f3688dd93b36699,2024-01-09 00:00:00,54,,100
6614ee8c67ee280377892dcf,6613e4e59ee42a92eca13421,Responsive web design,660feb0a6f3688dd93b442d6,2024-01-12 00:00:00,30,,100
6614ee8c67ee280377892dd0,6613e4e59ee42a92eca13422,Time series analysis,660feb0a6f3688dd93b442c2,2024-01-10 00:00:00,92,,100
6614ee8c67ee280377892dd1,6613e4e59ee42a92eca13423,Data preprocessing techniques,660fe8a86f3688dd93b3669a,2024-01-08 00:00:00,66,,100
6614ee8c67ee280377892dd2,6613e4e59ee42a92eca13424,Accessibility standards,660fe8a86f3688dd93b36678,2024-01-13 00:00:00,80,,100
6614ee8c67ee280377892dd3,6613e4e59ee42a92eca13425,Backend Development Bootcamp,660fe8a86f3688dd93b36689,2024-01-09 00:00:00,84,,100
6614ee8c67ee280377892dd4,6613e4e59ee42a92eca13426,"Server-side programming languages (e.g., Node.js, Django, Flask)",660feb0a6f3688dd93b442e6,2024-01-06 00:00:00,78,,100
6614ee8c67ee280377892dd5,6613e4e59ee42a92eca13427,Agile methodologies,660fe8a86f3688dd93b36686,2024-01-13 00:00:00,62,,100
6614ee8c67ee280377892dd6,6613e4e59ee42a92eca13428,Continuous integration/continuous deployment (CI/CD),660feb0a6f3688dd93b442c2,2024-01-11 00:00:00,62,,100
6614ee8c67ee280377892dd7,6613e4e59ee42a92eca13429,Data preprocessing techniques,660feb0a6f3688dd93b442c0,2024-01-11 00:00:00,100,,100
6614ee8c67ee280377892dd8,6613e4e59ee42a92eca1342a,"Big data technologies (e.g., Hadoop, Spark)",660feb0a6f3688dd93b442ca,2024-01-07 00:00:00,54,,100
6614ee8c67ee280377892dd9,6613e4e59ee42a92eca1342b,Database optimization,660feb0a6f3688dd93b442cf,2024-01-09 00:00:00,45,,100
6614ee8c67ee280377892dda,6613e4e59ee42a92eca1342c,Database optimization,660feb0a6f3688dd93b442da,2024-01-03 00:00:00,84,,100
6614ee8c67ee280377892ddb,6613e4e59ee42a92eca1342d,"Big data technologies (e.g., Hadoop, Spark)",660fe8a86f3688dd93b36683,2024-01-09 00:00:00,47,,100
6614ee8c67ee280377892ddc,6613e4e59ee42a92eca1342e,Database optimization,660feb0a6f3688dd93b442dd,2024-01-15 00:00:00,70,,100
6614ee8c67ee280377892ddd,6613e4e59ee42a92eca1342f,Feature engineering,660feb0a6f3688dd93b442e7,2024-01-09 00:00:00,58,,100
6614ee8c67ee280377892dde,6613e4e59ee42a92eca13430,Cloud Computing Fundamentals,660feb0a6f3688dd93b442c9,2024-01-07 00:00:00,33,,100
6614ee8c67ee280377892ddf,6613e4e59ee42a92eca13431,Prototyping,660feb0a6f3688dd93b442d8,2024-01-12 00:00:00,53,,100
6614ee8d67ee280377892de0,6613e4e59ee42a92eca13432,Robotic process automation (RPA),660fe8a86f3688dd93b36695,2024-01-11 00:00:00,90,,100
6614ee8d67ee280377892de1,6613e4e59ee42a92eca13433,Design patterns,660fe8a86f3688dd93b3668f,2024-01-14 00:00:00,83,,100
6614ee8d67ee280377892de2,6613e4e59ee42a92eca13434,"Scripting languages (e.g., Python, Bash)",660feb0a6f3688dd93b442e5,2024-01-08 00:00:00,64,,100
6614ee8d67ee280377892de3,6613e4e59ee42a92eca13435,Robotic process automation (RPA),660feb0a6f3688dd93b442d1,2024-01-08 00:00:00,47,,100
6614ee8d67ee280377892de4,6613e4e59ee42a92eca13436,Code review best practices,660feb0a6f3688dd93b442c9,2024-01-09 00:00:00,83,,100
6614ee8d67ee280377892de5,6613e4e59ee42a92eca13437,Agile methodologies,660fe8a86f3688dd93b3667c,2024-01-15 00:00:00,89,,100
6614ee8d67ee280377892de6,6613e4e59ee42a92eca13438,Data governance,660fe8a86f3688dd93b36694,2024-01-08 00:00:00,56,,100
6614ee8d67ee280377892de7,6613e4e59ee42a92eca13439,Data preprocessing techniques,660fe8a86f3688dd93b3667e,2024-01-12 00:00:00,86,,100
6614ee8d67ee280377892de8,6613e4e59ee42a92eca1343a,Time series analysis,660feb0a6f3688dd93b442e8,2024-01-16 00:00:00,76,,100
6614ee8d67ee280377892de9,6613e4e59ee42a92eca1343b,UI/UX Design Essentials,660fe8a86f3688dd93b36682,2024-01-11 00:00:00,37,,100
6614ee8d67ee280377892dea,6613e4e59ee42a92eca1343c,Data mining techniques,660fe8a86f3688dd93b36691,2024-01-13 00:00:00,96,,100
6614ee8d67ee280377892deb,6613e4e59ee42a92eca1343d,Responsive web design,660feb0a6f3688dd93b442da,2024-01-06 00:00:00,59,,100
6614ee8d67ee280377892dec,6613e4e59ee42a92eca1343e,Scalability and elasticity,660feb0a6f3688dd93b442d3,2024-01-06 00:00:00,38,,100
6614ee8d67ee280377892ded,6613e4e59ee42a92eca1343f,Data warehouses,660fe8a86f3688dd93b3668a,2024-01-08 00:00:00,45,,100
6614ee8d67ee280377892dee,6613e4e59ee42a92eca13440,Cloud security best practices,660fe8a86f3688dd93b3667b,2024-01-11 00:00:00,58,,100
6614ee8d67ee280377892def,6613e4e59ee42a92eca13441,Data Analytics Bootcamp,660fe8a86f3688dd93b36698,2024-01-08 00:00:00,66,,100
6614ee8d67ee280377892df0,6613e4e59ee42a92eca13442,User research,660feb0a6f3688dd93b442c1,2024-01-10 00:00:00,46,,100
6614ee8d67ee280377892df1,6613e4e59ee42a92eca13443,Data visualization techniques,660fe8a86f3688dd93b36683,2024-01-11 00:00:00,100,,100
6614ee8e67ee280377892df2,6613e4e59ee42a92eca13444,Interaction design,660feb0a6f3688dd93b442d7,2024-01-07 00:00:00,84,,100
6614ee8e67ee280377892df3,6613e4e59ee42a92eca13445,Data streaming,660feb0a6f3688dd93b442da,2024-01-11 00:00:00,47,,100
6614ee8e67ee280377892df4,6613e4e59ee42a92eca13446,Continuous testing,660fe8a86f3688dd93b3669c,2024-01-06 00:00:00,31,,100
6614ee8e67ee280377892df5,6613e4e59ee42a92eca13447,Real-time data processing,660feb0a6f3688dd93b442f9,2024-01-11 00:00:00,57,,100
6614ee8e67ee280377892df6,6613e4e59ee42a92eca13448,Natural language processing (NLP),660fe8a86f3688dd93b3668c,2024-01-14 00:00:00,34,,100
6614ee8e67ee280377892df7,6613e4e59ee42a92eca13449,"Web server technologies (e.g., Apache, Nginx)",660feb0a6f3688dd93b442fb,2024-01-11 00:00:00,62,,100
6614ee8e67ee280377892df8,6613e4e59ee42a92eca1344a,"Database management systems (e.g., SQL, NoSQL)",660feb0a6f3688dd93b442cc,2024-01-06 00:00:00,44,,100
6614ee8e67ee280377892df9,6613e4e59ee42a92eca1344b,Data Engineering Essentials,660feb0a6f3688dd93b442eb,2024-01-11 00:00:00,43,,100
6614ee8e67ee280377892dfa,6613e4e59ee42a92eca1344c,A/B testing methodologies,660feb0a6f3688dd93b442d5,2024-01-11 00:00:00,76,,100
6614ee8e67ee280377892dfb,6613e4e59ee42a92eca1344d,Robotic process automation (RPA),660feb0a6f3688dd93b442ee,2024-01-15 00:00:00,98,,100
6614ee8e67ee280377892dfc,6613e4e59ee42a92eca1344e,Cloud migration strategies,660feb0a6f3688dd93b442d0,2024-01-06 00:00:00,38,,100
6614ee8e67ee280377892dfd,6613e4e59ee42a92eca1344f,Monitoring and logging in cloud environments,660feb0a6f3688dd93b442c5,2024-01-05 00:00:00,74,,100
6614ee8e67ee280377892dfe,6613e4e59ee42a92eca13450,Feature engineering,660feb0a6f3688dd93b442e1,2024-01-09 00:00:00,34,,100
6614ee8e67ee280377892dff,6613e4e59ee42a92eca13451,Cloud Computing Fundamentals,660feb0a6f3688dd93b442f8,2024-01-09 00:00:00,92,,100
6614ee8e67ee280377892e00,6613e6b49ee42a92eca1c3c7,Natural language processing (NLP),660feb0a6f3688dd93b44339,2024-04-08 00:00:00,92,,100
6614ee8e67ee280377892e01,6613e6b49ee42a92eca1c3c8,Software testing,660feb0a6f3688dd93b4431a,2024-04-07 00:00:00,44,,100
6614ee8e67ee280377892e02,6613e6b49ee42a92eca1c3c9,Data preprocessing techniques,660feb0a6f3688dd93b4435b,2024-04-12 00:00:00,86,,100
6614ee8e67ee280377892e03,6613e6b49ee42a92eca1c3ca,Design patterns,660feb0a6f3688dd93b4435a,2024-04-16 00:00:00,82,,100
6614ee8e67ee280377892e04,6613e6b49ee42a92eca1c3cb,Real-time data processing,660feb0a6f3688dd93b44339,2024-04-17 00:00:00,99,,100
6614ee8f67ee280377892e05,6613e6b49ee42a92eca1c3cc,Software testing,660feb0a6f3688dd93b4430c,2024-04-07 00:00:00,35,,100
6614ee8f67ee280377892e06,6613e6b49ee42a92eca1c3cd,"Web server technologies (e.g., Apache, Nginx)",660feb0a6f3688dd93b44351,2024-04-10 00:00:00,86,,100
6614ee8f67ee280377892e07,6613e6b49ee42a92eca1c3ce,Cloud Computing Fundamentals,660feb0a6f3688dd93b44339,2024-04-14 00:00:00,93,,100
6614ee8f67ee280377892e08,6613e6b49ee42a92eca1c3cf,Predictive analytics,660feb0a6f3688dd93b44339,2024-04-06 00:00:00,92,,100
6614ee8f67ee280377892e09,6613e6b49ee42a92eca1c3d0,"Cloud deployment models (Public, Private, Hybrid, Multi-cloud)",660feb0a6f3688dd93b44348,2024-04-15 00:00:00,72,,100
6614ee8f67ee280377892e0a,6613e6b49ee42a92eca1c3d1,Machine learning algorithms,660feb0a6f3688dd93b44354,2024-04-11 00:00:00,61,,100
6614ee8f67ee280377892e0b,6613e6b49ee42a92eca1c3d2,Data storytelling,660feb0a6f3688dd93b44341,2024-04-16 00:00:00,34,,100
6614ee8f67ee280377892e0c,6613e6b49ee42a92eca1c3d3,Software testing,660feb0a6f3688dd93b44348,2024-04-07 00:00:00,83,,100
6614ee8f67ee280377892e0d,6613e6b49ee42a92eca1c3d4,Data streaming,660feb0a6f3688dd93b44307,2024-04-09 00:00:00,71,,100
6614ee8f67ee280377892e0e,6613e6b49ee42a92eca1c3d5,Automated deployment pipelines,660feb0a6f3688dd93b44337,2024-04-13 00:00:00,55,,100
6614ee8f67ee280377892e0f,6613e6b49ee42a92eca1c3d6,Real-time data processing,660feb0a6f3688dd93b44330,2024-04-07 00:00:00,40,,100
6614ee8f67ee280377892e10,6613e6b49ee42a92eca1c3d7,Automated documentation generation,660feb0a6f3688dd93b44311,2024-04-10 00:00:00,42,,100
6614ee8f67ee280377892e11,6613e6b49ee42a92eca1c3d8,Design patterns,660feb0a6f3688dd93b4431a,2024-04-13 00:00:00,36,,100
6614ee8f67ee280377892e12,6613e6b49ee42a92eca1c3d9,Serverless computing,660feb0a6f3688dd93b44325,2024-04-14 00:00:00,35,,100
6614ee8f67ee280377892e13,6613e6b49ee42a92eca1c3da,Authentication and authorization,660feb0a6f3688dd93b44330,2024-04-10 00:00:00,39,,100
6614ee8f67ee280377892e14,6614e25611f054e6a1b1b6ec,Design patterns,660fe8a86f3688dd93b36678,2024-04-12 17:00:00,52,,100
6614ee8f67ee280377892e15,6614e25611f054e6a1b1b6ed,Design patterns,660fe8a86f3688dd93b36680,2024-04-12 17:00:00,34,,100
6614ee8f67ee280377892e16,6614e25611f054e6a1b1b6ee,Design patterns,660fe8a86f3688dd93b3667e,2024-04-11 17:00:00,89,,100
6614ee8f67ee280377892e17,6614e25611f054e6a1b1b6ef,Design patterns,660fe8a86f3688dd93b3667a,2024-04-10 17:00:00,97,,100
6614ee9067ee280377892e18,6614e25611f054e6a1b1b6f0,Design patterns,660fe8a86f3688dd93b36679,2024-04-11 17:00:00,97,,100
6614ee9067ee280377892e19,6614e25611f054e6a1b1b6f1,Design patterns,660fe8a86f3688dd93b3667b,2024-04-12 17:00:00,41,,100
6614ee9067ee280377892e1a,6614e25611f054e6a1b1b6f2,Design patterns,660fe8a86f3688dd93b3667c,2024-04-12 17:00:00,30,,100
6614ee9067ee280377892e1b,6614e25611f054e6a1b1b6f3,Design patterns,660fe8a86f3688dd93b3667d,2024-04-10 17:00:00,72,,100
6614ee9067ee280377892e1c,6614e25611f054e6a1b1b6f4,Design patterns,660fe8a86f3688dd93b3667f,2024-04-11 17:00:00,55,,100
6614ee9067ee280377892e1d,6614e25611f054e6a1b1b6f5,Design patterns,660fe8a86f3688dd93b36681,2024-04-10 17:00:00,73,,100
6614ee9067ee280377892e1e,6614e25611f054e6a1b1b6f6,Design patterns,660fe8a86f3688dd93b36682,2024-04-12 17:00:00,61,,100
6614ee9067ee280377892e1f,6614e25611f054e6a1b1b6f7,Design patterns,660fe8a86f3688dd93b36688,2024-04-12 17:00:00,88,,100
6614ee9067ee280377892e20,6614e25611f054e6a1b1b6f8,Design patterns,660fe8a86f3688dd93b3668d,2024-04-11 17:00:00,46,,100
6614ee9067ee280377892e21,6614e25611f054e6a1b1b6f9,Design patterns,660fe8a86f3688dd93b3668f,2024-04-10 17:00:00,78,,100
6614ee9067ee280377892e22,6614e25611f054e6a1b1b6fa,Design patterns,660fe8a86f3688dd93b36690,2024-04-11 17:00:00,35,,100
6614ee9067ee280377892e23,6614e25711f054e6a1b1b6fb,Design patterns,660fe8a86f3688dd93b36691,2024-04-10 17:00:00,69,,100
6614ee9067ee280377892e24,6614e25711f054e6a1b1b6fc,Design patterns,660fe8a86f3688dd93b36692,2024-04-10 17:00:00,66,,100
6614ee9067ee280377892e25,6614e25711f054e6a1b1b6fd,Design patterns,660fe8a86f3688dd93b36695,2024-04-10 17:00:00,79,,100
6614ee9067ee280377892e26,6614e25711f054e6a1b1b6fe,Design patterns,660fe8a86f3688dd93b36698,2024-04-10 17:00:00,58,,100
6614ee9067ee280377892e27,6614e25711f054e6a1b1b6ff,Design patterns,660fe8a86f3688dd93b36699,2024-04-10 17:00:00,30,,100
6614ee9067ee280377892e28,6614e25711f054e6a1b1b700,Design patterns,660fe8a86f3688dd93b3669a,2024-04-10 17:00:00,84,,100
6614ee9067ee280377892e29,6614e25711f054e6a1b1b701,Design patterns,660fe8a86f3688dd93b36685,2024-04-10 17:00:00,61,,100
6614ee9067ee280377892e2a,6614e25711f054e6a1b1b702,Design patterns,660fe8a86f3688dd93b36686,2024-04-10 17:00:00,47,,100
6614ee9167ee280377892e2b,6614e25711f054e6a1b1b703,Design patterns,660fe8a86f3688dd93b36689,2024-04-10 17:00:00,99,,100
6614ee9167ee280377892e2c,6614e25711f054e6a1b1b704,Design patterns,660fe8a86f3688dd93b3668a,2024-04-10 17:00:00,30,,100
6614ee9167ee280377892e2d,6614e25711f054e6a1b1b705,Design patterns,660fe8a86f3688dd93b3668b,2024-04-10 17:00:00,32,,100
6614ee9167ee280377892e2e,6614e25711f054e6a1b1b706,Design patterns,660fe8a86f3688dd93b3668e,2024-04-10 17:00:00,63,,100
6614ee9167ee280377892e2f,6614e25711f054e6a1b1b707,Design patterns,660fe8a86f3688dd93b36696,2024-04-12 17:00:00,72,,100
6614ee9167ee280377892e30,6614e25711f054e6a1b1b708,Design patterns,660fe8a86f3688dd93b36684,2024-04-12 17:00:00,83,,100
6614ee9167ee280377892e31,6614e25711f054e6a1b1b709,Design patterns,660fe8a86f3688dd93b36693,2024-04-12 17:00:00,47,,100
6614ee9167ee280377892e32,6614e25711f054e6a1b1b70a,Design patterns,660fe8a86f3688dd93b36697,2024-04-12 17:00:00,64,,100
6614ee9167ee280377892e33,6614e25711f054e6a1b1b70b,Design patterns,660fe8a86f3688dd93b3669b,2024-04-11 17:00:00,35,,100
6614ee9167ee280377892e34,6614e25711f054e6a1b1b70c,Design patterns,660fe8a86f3688dd93b36683,2024-04-10 17:00:00,80,,100
6614ee9167ee280377892e35,6614e25711f054e6a1b1b70d,Design patterns,660fe8a86f3688dd93b36687,2024-04-10 17:00:00,60,,100
6614ee9167ee280377892e36,6614e25711f054e6a1b1b70e,Design patterns,660fe8a86f3688dd93b3668c,2024-04-11 17:00:00,36,,100
6614ee9167ee280377892e37,6614e25711f054e6a1b1b70f,Design patterns,660fe8a86f3688dd93b36694,2024-04-11 17:00:00,39,,100
6614ee9167ee280377892e38,6614e25811f054e6a1b1b710,Design patterns,660fe8a86f3688dd93b3669c,2024-04-12 17:00:00,96,,100
6614ee9167ee280377892e39,6614e25811f054e6a1b1b711,Design patterns,660feb0a6f3688dd93b442ca,2024-04-12 17:00:00,46,,100
6614ee9167ee280377892e3a,6614e25811f054e6a1b1b712,Design patterns,660feb0a6f3688dd93b442c3,2024-04-11 17:00:00,99,,100
6614ee9167ee280377892e3b,6614e25811f054e6a1b1b713,Design patterns,660feb0a6f3688dd93b442cb,2024-04-12 17:00:00,91,,100
6614ee9167ee280377892e3c,6614e25811f054e6a1b1b714,Design patterns,660feb0a6f3688dd93b442cc,2024-04-12 17:00:00,63,,100
6614ee9267ee280377892e3d,6614e25811f054e6a1b1b715,Design patterns,660feb0a6f3688dd93b442d4,2024-04-11 17:00:00,74,,100
6614ee9267ee280377892e3e,6614e25811f054e6a1b1b716,Design patterns,660feb0a6f3688dd93b442d7,2024-04-10 17:00:00,83,,100
6614ee9267ee280377892e3f,6614e25811f054e6a1b1b717,Design patterns,660feb0a6f3688dd93b442dc,2024-04-10 17:00:00,47,,100
6614ee9267ee280377892e40,6614e25811f054e6a1b1b718,Design patterns,660feb0a6f3688dd93b442dd,2024-04-11 17:00:00,78,,100
6614ee9267ee280377892e41,6614e25811f054e6a1b1b719,Design patterns,660feb0a6f3688dd93b442e1,2024-04-10 17:00:00,90,,100
6614ee9267ee280377892e42,6614e25811f054e6a1b1b71a,Design patterns,660feb0a6f3688dd93b442e7,2024-04-10 17:00:00,67,,100
6614ee9267ee280377892e43,6614e25811f054e6a1b1b71b,Design patterns,660feb0a6f3688dd93b442f2,2024-04-10 17:00:00,90,,100
6614ee9267ee280377892e44,6614e25811f054e6a1b1b71c,Design patterns,660feb0a6f3688dd93b442f4,2024-04-12 17:00:00,89,,100
6614ee9267ee280377892e45,6614e25811f054e6a1b1b71d,Design patterns,660feb0a6f3688dd93b442fa,2024-04-12 17:00:00,73,,100
6614ee9267ee280377892e46,6614e25811f054e6a1b1b71e,Design patterns,660feb0a6f3688dd93b442ce,2024-04-11 17:00:00,49,,100
6614ee9267ee280377892e47,6614e25911f054e6a1b1b71f,Design patterns,660feb0a6f3688dd93b442d0,2024-04-11 17:00:00,69,,100
6614ee9267ee280377892e48,6614e25911f054e6a1b1b720,Design patterns,660feb0a6f3688dd93b442df,2024-04-12 17:00:00,58,,100
6614ee9267ee280377892e49,6614e25911f054e6a1b1b721,Design patterns,660feb0a6f3688dd93b442e3,2024-04-11 17:00:00,49,,100
6614ee9267ee280377892e4a,6614e25911f054e6a1b1b722,Design patterns,660feb0a6f3688dd93b442e5,2024-04-12 17:00:00,68,,100
6614ee9267ee280377892e4b,6614e25911f054e6a1b1b723,Design patterns,660feb0a6f3688dd93b442e6,2024-04-11 17:00:00,49,,100
6614ee9267ee280377892e4c,6614e25911f054e6a1b1b724,Design patterns,660feb0a6f3688dd93b442ec,2024-04-11 17:00:00,55,,100
6614ee9267ee280377892e4d,6614e25911f054e6a1b1b725,Design patterns,660feb0a6f3688dd93b442ed,2024-04-10 17:00:00,65,,100
6614ee9267ee280377892e4e,6614e25911f054e6a1b1b726,Design patterns,660feb0a6f3688dd93b442ef,2024-04-10 17:00:00,64,,100
6614ee9267ee280377892e4f,6614e25911f054e6a1b1b727,Design patterns,660feb0a6f3688dd93b442f0,2024-04-11 17:00:00,81,,100
6614ee9367ee280377892e50,6614e25911f054e6a1b1b728,Design patterns,660feb0a6f3688dd93b442f7,2024-04-10 17:00:00,67,,100
6614ee9367ee280377892e51,6614e25911f054e6a1b1b729,Design patterns,660feb0a6f3688dd93b442fd,2024-04-11 17:00:00,75,,100
6614ee9367ee280377892e52,6614e25911f054e6a1b1b72a,Design patterns,660feb0a6f3688dd93b442c0,2024-04-12 17:00:00,67,,100
6614ee9367ee280377892e53,6614e25911f054e6a1b1b72b,Design patterns,660feb0a6f3688dd93b442c2,2024-04-12 17:00:00,86,,100
6614ee9367ee280377892e54,6614e25911f054e6a1b1b72c,Design patterns,660feb0a6f3688dd93b442c5,2024-04-11 17:00:00,80,,100
6614ee9367ee280377892e55,6614e25911f054e6a1b1b72d,Design patterns,660feb0a6f3688dd93b442cf,2024-04-10 17:00:00,98,,100
6614ee9367ee280377892e56,6614e25911f054e6a1b1b72e,Design patterns,660feb0a6f3688dd93b442d2,2024-04-11 17:00:00,83,,100
6614ee9367ee280377892e57,6614e25a11f054e6a1b1b72f,Design patterns,660feb0a6f3688dd93b442d3,2024-04-10 17:00:00,36,,100
6614ee9367ee280377892e58,6614e25a11f054e6a1b1b730,Design patterns,660feb0a6f3688dd93b442d6,2024-04-11 17:00:00,48,,100
6614ee9367ee280377892e59,6614e25a11f054e6a1b1b731,Design patterns,660feb0a6f3688dd93b442d9,2024-04-10 17:00:00,46,,100
6614ee9367ee280377892e5a,6614e25a11f054e6a1b1b732,Design patterns,660feb0a6f3688dd93b442da,2024-04-10 17:00:00,83,,100
6614ee9367ee280377892e5b,6614e25a11f054e6a1b1b733,Design patterns,660feb0a6f3688dd93b442e2,2024-04-11 17:00:00,51,,100
6614ee9367ee280377892e5c,6614e25a11f054e6a1b1b734,Design patterns,660feb0a6f3688dd93b442f3,2024-04-10 17:00:00,82,,100
6614ee9367ee280377892e5d,6614e25a11f054e6a1b1b735,Design patterns,660feb0a6f3688dd93b442f5,2024-04-11 17:00:00,47,,100
6614ee9367ee280377892e5e,6614e25a11f054e6a1b1b736,Design patterns,660feb0a6f3688dd93b442f8,2024-04-10 17:00:00,44,,100
6614ee9367ee280377892e5f,6614e25a11f054e6a1b1b737,Design patterns,660feb0a6f3688dd93b442f9,2024-04-10 17:00:00,60,,100
6614ee9367ee280377892e60,6614e25a11f054e6a1b1b738,Design patterns,660feb0a6f3688dd93b442fc,2024-04-10 17:00:00,33,,100
6614ee9367ee280377892e61,6614e25a11f054e6a1b1b739,Design patterns,660feb0a6f3688dd93b442c1,2024-04-12 17:00:00,61,,100
6614ee9467ee280377892e62,6614e25a11f054e6a1b1b73a,Design patterns,660feb0a6f3688dd93b442c4,2024-04-12 17:00:00,95,,100
6614ee9467ee280377892e63,6614e25a11f054e6a1b1b73b,Design patterns,660feb0a6f3688dd93b442c6,2024-04-11 17:00:00,84,,100
6614ee9467ee280377892e64,6614e25a11f054e6a1b1b73c,Design patterns,660feb0a6f3688dd93b442c7,2024-04-12 17:00:00,68,,100
6614ee9467ee280377892e65,6614e25a11f054e6a1b1b73d,Design patterns,660feb0a6f3688dd93b442c8,2024-04-11 17:00:00,57,,100
6614ee9467ee280377892e66,6614e25b11f054e6a1b1b73e,Design patterns,660feb0a6f3688dd93b442c9,2024-04-10 17:00:00,86,,100
6614ee9467ee280377892e67,6614e25b11f054e6a1b1b73f,Design patterns,660feb0a6f3688dd93b442cd,2024-04-11 17:00:00,38,,100
6614ee9467ee280377892e68,6614e25b11f054e6a1b1b740,Design patterns,660feb0a6f3688dd93b442d1,2024-04-11 17:00:00,57,,100
6614ee9467ee280377892e69,6614e25b11f054e6a1b1b741,Design patterns,660feb0a6f3688dd93b442d5,2024-04-12 17:00:00,37,,100
6614ee9467ee280377892e6a,6614e25b11f054e6a1b1b742,Design patterns,660feb0a6f3688dd93b442d8,2024-04-10 17:00:00,45,,100
6614ee9467ee280377892e6b,6614e25b11f054e6a1b1b743,Design patterns,660feb0a6f3688dd93b442db,2024-04-10 17:00:00,65,,100
6614ee9467ee280377892e6c,6614e25b11f054e6a1b1b744,Design patterns,660feb0a6f3688dd93b442de,2024-04-12 17:00:00,31,,100
6614ee9467ee280377892e6d,6614e25b11f054e6a1b1b745,Design patterns,660feb0a6f3688dd93b442e0,2024-04-12 17:00:00,69,,100
6614ee9467ee280377892e6e,6614e25b11f054e6a1b1b746,Design patterns,660feb0a6f3688dd93b442e4,2024-04-10 17:00:00,67,,100
6614ee9467ee280377892e6f,6614e25b11f054e6a1b1b747,Design patterns,660feb0a6f3688dd93b442e8,2024-04-12 17:00:00,78,,100
6614ee9467ee280377892e70,6614e25b11f054e6a1b1b748,Design patterns,660feb0a6f3688dd93b442e9,2024-04-11 17:00:00,47,,100
6614ee9467ee280377892e71,6614e25b11f054e6a1b1b749,Design patterns,660feb0a6f3688dd93b442ea,2024-04-11 17:00:00,68,,100
6614ee9467ee280377892e72,6614e25b11f054e6a1b1b74a,Design patterns,660feb0a6f3688dd93b442eb,2024-04-11 17:00:00,76,,100
6614ee9467ee280377892e73,6614e25b11f054e6a1b1b74b,Design patterns,660feb0a6f3688dd93b442ee,2024-04-10 17:00:00,33,,100
6614ee9467ee280377892e74,6614e25b11f054e6a1b1b74c,Design patterns,660feb0a6f3688dd93b442f1,2024-04-11 17:00:00,55,,100
6614ee9567ee280377892e75,6614e25b11f054e6a1b1b74d,Design patterns,660feb0a6f3688dd93b442f6,2024-04-12 17:00:00,45,,100
6614ee9567ee280377892e76,6614e25b11f054e6a1b1b74e,Design patterns,660feb0a6f3688dd93b442fb,2024-04-10 17:00:00,94,,100
6614ee9567ee280377892e77,6614e25b11f054e6a1b1b74f,Design patterns,661224230ccdccd17b1e084c,2024-04-10 17:00:00,81,,100
6614ee9567ee280377892e78,6614e25b11f054e6a1b1b750,Design patterns,6613726b575d5b967ace46b4,2024-04-10 17:00:00,78,,100
6616836fa1c3a07a46388b48,66162344e50718065889523a,Continuous integration/continuous deployment (CI/CD),660fe8a86f3688dd93b36678,2024-04-13 17:00:00,95,,100
6616836fa1c3a07a46388b49,66162344e50718065889523b,Continuous integration/continuous deployment (CI/CD),660fe8a86f3688dd93b36680,2024-04-12 17:00:00,92,,100
6616836fa1c3a07a46388b4a,66162344e50718065889523c,Continuous integration/continuous deployment (CI/CD),660fe8a86f3688dd93b3667e,2024-04-12 17:00:00,82,,100
6616836fa1c3a07a46388b4b,66162344e50718065889523d,Continuous integration/continuous deployment (CI/CD),660fe8a86f3688dd93b3667a,2024-04-11 17:00:00,100,,100
66168370a1c3a07a46388b4c,66162344e50718065889523e,Continuous integration/continuous deployment (CI/CD),660fe8a86f3688dd93b36679,2024-04-11 17:00:00,99,,100
66168370a1c3a07a46388b4d,66162344e50718065889523f,Continuous integration/continuous deployment (CI/CD),660fe8a86f3688dd93b3667b,2024-04-13 17:00:00,86,,100
66168370a1c3a07a46388b4e,66162344e507180658895240,Continuous integration/continuous deployment (CI/CD),660fe8a86f3688dd93b3667c,2024-04-13 17:00:00,98,,100
66168370a1c3a07a46388b4f,66162344e507180658895241,Continuous integration/continuous deployment (CI/CD),660fe8a86f3688dd93b3667d,2024-04-11 17:00:00,94,,100
66168370a1c3a07a46388b50,66162344e507180658895242,Continuous integration/continuous deployment (CI/CD),660fe8a86f3688dd93b3667f,2024-04-13 17:00:00,65,,100
66168370a1c3a07a46388b51,66162344e507180658895243,Continuous integration/continuous deployment (CI/CD),660fe8a86f3688dd93b36681,2024-04-12 17:00:00,62,,100
66168370a1c3a07a46388b52,66162344e507180658895244,Continuous integration/continuous deployment (CI/CD),660fe8a86f3688dd93b36682,2024-04-13 17:00:00,86,,100
66168370a1c3a07a46388b53,66162344e507180658895245,Continuous integration/continuous deployment (CI/CD),660fe8a86f3688dd93b36688,2024-04-13 17:00:00,95,,100
66168370a1c3a07a46388b54,66162344e507180658895246,Continuous integration/continuous deployment (CI/CD),660fe8a86f3688dd93b3668d,2024-04-11 17:00:00,60,,100
66168370a1c3a07a46388b55,66162344e507180658895247,Continuous integration/continuous deployment (CI/CD),660fe8a86f3688dd93b3668f,2024-04-12 17:00:00,50,,100
66168370a1c3a07a46388b56,66162344e507180658895248,Continuous integration/continuous deployment (CI/CD),660fe8a86f3688dd93b36690,2024-04-12 17:00:00,94,,100
66168370a1c3a07a46388b57,66162344e507180658895249,Continuous integration/continuous deployment (CI/CD),660fe8a86f3688dd93b36691,2024-04-11 17:00:00,69,,100
66168370a1c3a07a46388b58,66162344e50718065889524a,Continuous integration/continuous deployment (CI/CD),660fe8a86f3688dd93b36692,2024-04-13 17:00:00,32,,100
66168370a1c3a07a46388b59,66162344e50718065889524b,Continuous integration/continuous deployment (CI/CD),660fe8a86f3688dd93b36695,2024-04-11 17:00:00,79,,100
66168370a1c3a07a46388b5a,66162344e50718065889524c,Continuous integration/continuous deployment (CI/CD),660fe8a86f3688dd93b36698,2024-04-11 17:00:00,81,,100
66168370a1c3a07a46388b5b,66162344e50718065889524d,Continuous integration/continuous deployment (CI/CD),660fe8a86f3688dd93b36699,2024-04-11 17:00:00,45,,100
66168370a1c3a07a46388b5c,66162344e50718065889524e,Continuous integration/continuous deployment (CI/CD),660fe8a86f3688dd93b3669a,2024-04-13 17:00:00,49,,100
66168370a1c3a07a46388b5d,66162344e50718065889524f,Continuous integration/continuous deployment (CI/CD),660fe8a86f3688dd93b36685,2024-04-12 17:00:00,60,,100
66168370a1c3a07a46388b5e,66162344e507180658895250,Continuous integration/continuous deployment (CI/CD),660fe8a86f3688dd93b36686,2024-04-12 17:00:00,53,,100
66168371a1c3a07a46388b5f,66162344e507180658895251,Continuous integration/continuous deployment (CI/CD),660fe8a86f3688dd93b36689,2024-04-13 17:00:00,69,,100
66168371a1c3a07a46388b60,66162344e507180658895252,Continuous integration/continuous deployment (CI/CD),660fe8a86f3688dd93b3668a,2024-04-13 17:00:00,79,,100
66168371a1c3a07a46388b61,66162344e507180658895253,Continuous integration/continuous deployment (CI/CD),660fe8a86f3688dd93b3668b,2024-04-11 17:00:00,36,,100
66168371a1c3a07a46388b62,66162344e507180658895254,Continuous integration/continuous deployment (CI/CD),660fe8a86f3688dd93b3668e,2024-04-12 17:00:00,57,,100
66168371a1c3a07a46388b63,66162345e507180658895255,Continuous integration/continuous deployment (CI/CD),660fe8a86f3688dd93b36696,2024-04-12 17:00:00,60,,100
66168371a1c3a07a46388b64,66162345e507180658895256,Continuous integration/continuous deployment (CI/CD),660fe8a86f3688dd93b36684,2024-04-12 17:00:00,66,,100
66168371a1c3a07a46388b65,66162345e507180658895257,Continuous integration/continuous deployment (CI/CD),660fe8a86f3688dd93b36693,2024-04-11 17:00:00,44,,100
66168371a1c3a07a46388b66,66162345e507180658895258,Continuous integration/continuous deployment (CI/CD),660fe8a86f3688dd93b36697,2024-04-12 17:00:00,91,,100
66168371a1c3a07a46388b67,66162345e507180658895259,Continuous integration/continuous deployment (CI/CD),660fe8a86f3688dd93b3669b,2024-04-12 17:00:00,92,,100
66168371a1c3a07a46388b68,66162345e50718065889525a,Continuous integration/continuous deployment (CI/CD),660fe8a86f3688dd93b36683,2024-04-12 17:00:00,67,,100
66168371a1c3a07a46388b69,66162345e50718065889525b,Continuous integration/continuous deployment (CI/CD),660fe8a86f3688dd93b36687,2024-04-12 17:00:00,100,,100
66168371a1c3a07a46388b6a,66162345e50718065889525c,Continuous integration/continuous deployment (CI/CD),660fe8a86f3688dd93b3668c,2024-04-11 17:00:00,67,,100
66168371a1c3a07a46388b6b,66162345e50718065889525d,Continuous integration/continuous deployment (CI/CD),660fe8a86f3688dd93b36694,2024-04-11 17:00:00,61,,100
66168371a1c3a07a46388b6c,66162345e50718065889525e,Continuous integration/continuous deployment (CI/CD),660fe8a86f3688dd93b3669c,2024-04-12 17:00:00,59,,100
66168371a1c3a07a46388b6d,66162345e50718065889525f,Continuous integration/continuous deployment (CI/CD),660feb0a6f3688dd93b442ca,2024-04-12 17:00:00,73,,100
66168371a1c3a07a46388b6e,66162345e507180658895260,Continuous integration/continuous deployment (CI/CD),660feb0a6f3688dd93b442c3,2024-04-11 17:00:00,60,,100
66168371a1c3a07a46388b6f,66162345e507180658895261,Continuous integration/continuous deployment (CI/CD),660feb0a6f3688dd93b442cb,2024-04-13 17:00:00,86,,100
66168371a1c3a07a46388b70,66162345e507180658895262,Continuous integration/continuous deployment (CI/CD),660feb0a6f3688dd93b442cc,2024-04-13 17:00:00,36,,100
66168371a1c3a07a46388b71,66162345e507180658895263,Continuous integration/continuous deployment (CI/CD),660feb0a6f3688dd93b442d4,2024-04-12 17:00:00,91,,100
66168371a1c3a07a46388b72,66162345e507180658895264,Continuous integration/continuous deployment (CI/CD),660feb0a6f3688dd93b442d7,2024-04-11 17:00:00,44,,100
66168372a1c3a07a46388b73,66162345e507180658895265,Continuous integration/continuous deployment (CI/CD),660feb0a6f3688dd93b442dc,2024-04-11 17:00:00,68,,100
66168372a1c3a07a46388b74,66162345e507180658895266,Continuous integration/continuous deployment (CI/CD),660feb0a6f3688dd93b442dd,2024-04-11 17:00:00,94,,100
66168372a1c3a07a46388b75,66162345e507180658895267,Continuous integration/continuous deployment (CI/CD),660feb0a6f3688dd93b442e1,2024-04-11 17:00:00,90,,100
66168372a1c3a07a46388b76,66162345e507180658895268,Continuous integration/continuous deployment (CI/CD),660feb0a6f3688dd93b442e7,2024-04-12 17:00:00,47,,100
66168372a1c3a07a46388b77,66162345e507180658895269,Continuous integration/continuous deployment (CI/CD),660feb0a6f3688dd93b442f2,2024-04-11 17:00:00,71,,100
66168372a1c3a07a46388b78,66162345e50718065889526a,Continuous integration/continuous deployment (CI/CD),660feb0a6f3688dd93b442f4,2024-04-12 17:00:00,72,,100
66168372a1c3a07a46388b79,66162345e50718065889526b,Continuous integration/continuous deployment (CI/CD),660feb0a6f3688dd93b442fa,2024-04-12 17:00:00,63,,100
66168372a1c3a07a46388b7a,66162345e50718065889526c,Continuous integration/continuous deployment (CI/CD),660feb0a6f3688dd93b442ce,2024-04-11 17:00:00,44,,100
66168372a1c3a07a46388b7b,66162345e50718065889526d,Continuous integration/continuous deployment (CI/CD),660feb0a6f3688dd93b442d0,2024-04-12 17:00:00,30,,100
66168372a1c3a07a46388b7c,66162345e50718065889526e,Continuous integration/continuous deployment (CI/CD),660feb0a6f3688dd93b442df,2024-04-11 17:00:00,65,,100
66168372a1c3a07a46388b7d,66162345e50718065889526f,Continuous integration/continuous deployment (CI/CD),660feb0a6f3688dd93b442e3,2024-04-11 17:00:00,57,,100
66168372a1c3a07a46388b7e,66162345e507180658895270,Continuous integration/continuous deployment (CI/CD),660feb0a6f3688dd93b442e5,2024-04-11 17:00:00,65,,100
66168372a1c3a07a46388b7f,66162345e507180658895271,Continuous integration/continuous deployment (CI/CD),660feb0a6f3688dd93b442e6,2024-04-11 17:00:00,48,,100
66168372a1c3a07a46388b80,66162345e507180658895272,Continuous integration/continuous deployment (CI/CD),660feb0a6f3688dd93b442ec,2024-04-13 17:00:00,93,,100
66168372a1c3a07a46388b81,66162345e507180658895273,Continuous integration/continuous deployment (CI/CD),660feb0a6f3688dd93b442ed,2024-04-11 17:00:00,99,,100
66168372a1c3a07a46388b82,66162345e507180658895274,Continuous integration/continuous deployment (CI/CD),660feb0a6f3688dd93b442ef,2024-04-11 17:00:00,63,,100
66168372a1c3a07a46388b83,66162345e507180658895275,Continuous integration/continuous deployment (CI/CD),660feb0a6f3688dd93b442f0,2024-04-12 17:00:00,64,,100
66168372a1c3a07a46388b84,66162345e507180658895276,Continuous integration/continuous deployment (CI/CD),660feb0a6f3688dd93b442f7,2024-04-13 17:00:00,91,,100
66168372a1c3a07a46388b85,66162345e507180658895277,Continuous integration/continuous deployment (CI/CD),660feb0a6f3688dd93b442fd,2024-04-11 17:00:00,60,,100
66168373a1c3a07a46388b86,66162345e507180658895278,Continuous integration/continuous deployment (CI/CD),660feb0a6f3688dd93b442c0,2024-04-12 17:00:00,97,,100
66168373a1c3a07a46388b87,66162345e507180658895279,Continuous integration/continuous deployment (CI/CD),660feb0a6f3688dd93b442c2,2024-04-12 17:00:00,63,,100
66168373a1c3a07a46388b88,66162345e50718065889527a,Continuous integration/continuous deployment (CI/CD),660feb0a6f3688dd93b442c5,2024-04-13 17:00:00,31,,100
66168373a1c3a07a46388b89,66162345e50718065889527b,Continuous integration/continuous deployment (CI/CD),660feb0a6f3688dd93b442cf,2024-04-12 17:00:00,54,,100
66168373a1c3a07a46388b8a,66162345e50718065889527c,Continuous integration/continuous deployment (CI/CD),660feb0a6f3688dd93b442d2,2024-04-11 17:00:00,80,,100
66168373a1c3a07a46388b8b,66162345e50718065889527d,Continuous integration/continuous deployment (CI/CD),660feb0a6f3688dd93b442d3,2024-04-11 17:00:00,88,,100
66168373a1c3a07a46388b8c,66162345e50718065889527e,Continuous integration/continuous deployment (CI/CD),660feb0a6f3688dd93b442d6,2024-04-13 17:00:00,48,,100
66168373a1c3a07a46388b8d,66162346e50718065889527f,Continuous integration/continuous deployment (CI/CD),660feb0a6f3688dd93b442d9,2024-04-12 17:00:00,76,,100
66168373a1c3a07a46388b8e,66162346e507180658895280,Continuous integration/continuous deployment (CI/CD),660feb0a6f3688dd93b442da,2024-04-13 17:00:00,70,,100
66168373a1c3a07a46388b8f,66162346e507180658895281,Continuous integration/continuous deployment (CI/CD),660feb0a6f3688dd93b442e2,2024-04-13 17:00:00,43,,100
66168373a1c3a07a46388b90,66162346e507180658895282,Continuous integration/continuous deployment (CI/CD),660feb0a6f3688dd93b442f3,2024-04-13 17:00:00,43,,100
66168373a1c3a07a46388b91,66162346e507180658895283,Continuous integration/continuous deployment (CI/CD),660feb0a6f3688dd93b442f5,2024-04-11 17:00:00,41,,100
66168373a1c3a07a46388b92,66162346e507180658895284,Continuous integration/continuous deployment (CI/CD),660feb0a6f3688dd93b442f8,2024-04-11 17:00:00,56,,100
66168373a1c3a07a46388b93,66162346e507180658895285,Continuous integration/continuous deployment (CI/CD),660feb0a6f3688dd93b442f9,2024-04-11 17:00:00,36,,100
66168373a1c3a07a46388b94,66162346e507180658895286,Continuous integration/continuous deployment (CI/CD),660feb0a6f3688dd93b442fc,2024-04-11 17:00:00,92,,100
66168374a1c3a07a46388b95,66162346e507180658895287,Continuous integration/continuous deployment (CI/CD),660feb0a6f3688dd93b442c1,2024-04-12 17:00:00,80,,100
66168374a1c3a07a46388b96,66162346e507180658895288,Continuous integration/continuous deployment (CI/CD),660feb0a6f3688dd93b442c4,2024-04-12 17:00:00,46,,100
66168374a1c3a07a46388b97,66162346e507180658895289,Continuous integration/continuous deployment (CI/CD),660feb0a6f3688dd93b442c6,2024-04-13 17:00:00,98,,100
66168374a1c3a07a46388b98,66162346e50718065889528a,Continuous integration/continuous deployment (CI/CD),660feb0a6f3688dd93b442c7,2024-04-13 17:00:00,62,,100
66168374a1c3a07a46388b99,66162346e50718065889528b,Continuous integration/continuous deployment (CI/CD),660feb0a6f3688dd93b442c8,2024-04-12 17:00:00,57,,100
66179f6669a9dcaf0aee78e6,66179ebae0f186f80493240a,Version control (Git),660fe8a86f3688dd93b36678,2024-04-14 16:00:00,35,,100
66179f6669a9dcaf0aee78e7,66179ebbe0f186f80493240b,Version control (Git),660fe8a86f3688dd93b36680,2024-04-13 16:00:00,39,,100
66179f6769a9dcaf0aee78e8,66179ebbe0f186f80493240c,Version control (Git),660fe8a86f3688dd93b3667e,2024-04-13 16:00:00,96,,100
66179f6769a9dcaf0aee78e9,66179ebbe0f186f80493240d,Version control (Git),660fe8a86f3688dd93b3667a,2024-04-12 16:00:00,73,,100
66179f6769a9dcaf0aee78ea,66179ebbe0f186f80493240e,Version control (Git),660fe8a86f3688dd93b36679,2024-04-14 16:00:00,67,,100
66179f6769a9dcaf0aee78eb,66179ebbe0f186f80493240f,Version control (Git),660fe8a86f3688dd93b3667b,2024-04-13 16:00:00,92,,100
66179f6769a9dcaf0aee78ec,66179ebbe0f186f804932410,Version control (Git),660fe8a86f3688dd93b3667c,2024-04-14 16:00:00,98,,100
66179f6769a9dcaf0aee78ed,66179ebbe0f186f804932411,Version control (Git),660fe8a86f3688dd93b3667d,2024-04-14 16:00:00,41,,100
66179f6769a9dcaf0aee78ee,66179ebbe0f186f804932412,Version control (Git),660fe8a86f3688dd93b3667f,2024-04-13 16:00:00,55,,100
66179f6769a9dcaf0aee78ef,66179ebbe0f186f804932413,Version control (Git),660fe8a86f3688dd93b36681,2024-04-13 16:00:00,92,,100
66179f6769a9dcaf0aee78f0,66179ebbe0f186f804932414,Version control (Git),660fe8a86f3688dd93b36682,2024-04-13 16:00:00,57,,100
66179f6869a9dcaf0aee78f1,66179ebce0f186f804932415,Version control (Git),660fe8a86f3688dd93b36688,2024-04-13 16:00:00,65,,100
66179f6869a9dcaf0aee78f2,66179ebce0f186f804932416,Version control (Git),660fe8a86f3688dd93b3668d,2024-04-14 16:00:00,46,,100
66179f6869a9dcaf0aee78f3,66179ebce0f186f804932417,Version control (Git),660fe8a86f3688dd93b3668f,2024-04-13 16:00:00,79,,100
66179f6869a9dcaf0aee78f4,66179ebce0f186f804932418,Version control (Git),660fe8a86f3688dd93b36690,2024-04-12 16:00:00,52,,100
66179f6869a9dcaf0aee78f5,66179ebce0f186f804932419,Version control (Git),660fe8a86f3688dd93b36691,2024-04-13 16:00:00,35,,100
66179f6869a9dcaf0aee78f6,66179ebce0f186f80493241a,Version control (Git),660fe8a86f3688dd93b36692,2024-04-13 16:00:00,99,,100
66179f6869a9dcaf0aee78f7,66179ebce0f186f80493241b,Version control (Git),660fe8a86f3688dd93b36695,2024-04-12 16:00:00,93,,100
66179f6869a9dcaf0aee78f8,66179ebce0f186f80493241c,Version control (Git),660fe8a86f3688dd93b36698,2024-04-12 16:00:00,43,,100
66179f6969a9dcaf0aee78f9,66179ebce0f186f80493241d,Version control (Git),660fe8a86f3688dd93b36699,2024-04-13 16:00:00,43,,100
66179f6969a9dcaf0aee78fa,66179ebce0f186f80493241e,Version control (Git),660fe8a86f3688dd93b3669a,2024-04-13 16:00:00,69,,100
66179f6969a9dcaf0aee78fb,66179ebce0f186f80493241f,Version control (Git),660fe8a86f3688dd93b36685,2024-04-12 16:00:00,90,,100
66179f6969a9dcaf0aee78fc,66179ebce0f186f804932420,Version control (Git),660fe8a86f3688dd93b36686,2024-04-14 16:00:00,31,,100
66179f6969a9dcaf0aee78fd,66179ebce0f186f804932421,Version control (Git),660fe8a86f3688dd93b36689,2024-04-14 16:00:00,95,,100
66179f6969a9dcaf0aee78fe,66179ebce0f186f804932422,Version control (Git),660fe8a86f3688dd93b3668a,2024-04-13 16:00:00,80,,100
66179f6969a9dcaf0aee78ff,66179ebde0f186f804932423,Version control (Git),660fe8a86f3688dd93b3668b,2024-04-14 16:00:00,34,,100
66179f6969a9dcaf0aee7900,66179ebde0f186f804932424,Version control (Git),660fe8a86f3688dd93b3668e,2024-04-13 16:00:00,34,,100
66179f6a69a9dcaf0aee7901,66179ebde0f186f804932425,Version control (Git),660fe8a86f3688dd93b36696,2024-04-13 16:00:00,35,,100
66179f6a69a9dcaf0aee7902,66179ebde0f186f804932426,Version control (Git),660fe8a86f3688dd93b36684,2024-04-12 16:00:00,84,,100
66179f6a69a9dcaf0aee7903,66179ebde0f186f804932427,Version control (Git),660fe8a86f3688dd93b36693,2024-04-12 16:00:00,64,,100
66179f6a69a9dcaf0aee7904,66179ebde0f186f804932428,Version control (Git),660fe8a86f3688dd93b36697,2024-04-12 16:00:00,54,,100
66179f6a69a9dcaf0aee7905,66179ebde0f186f804932429,Version control (Git),660fe8a86f3688dd93b3669b,2024-04-13 16:00:00,31,,100
66179f6a69a9dcaf0aee7906,66179ebde0f186f80493242a,Version control (Git),660fe8a86f3688dd93b36683,2024-04-12 16:00:00,40,,100
66179f6a69a9dcaf0aee7907,66179ebde0f186f80493242b,Version control (Git),660fe8a86f3688dd93b36687,2024-04-12 16:00:00,48,,100
66179f6a69a9dcaf0aee7908,66179ebde0f186f80493242c,Version control (Git),660fe8a86f3688dd93b3668c,2024-04-12 16:00:00,55,,100
66179f6a69a9dcaf0aee7909,66179ebde0f186f80493242d,Version control (Git),660fe8a86f3688dd93b36694,2024-04-13 16:00:00,65,,100
66179f6b69a9dcaf0aee790a,66179ebde0f186f80493242e,Version control (Git),660fe8a86f3688dd93b3669c,2024-04-13 16:00:00,30,,100
66179f6b69a9dcaf0aee790b,66179ebde0f186f80493242f,Version control (Git),660feb0a6f3688dd93b442ca,2024-04-14 16:00:00,69,,100
66179f6b69a9dcaf0aee790c,66179ebde0f186f804932430,Version control (Git),660feb0a6f3688dd93b442c3,2024-04-14 16:00:00,55,,100
66179f6b69a9dcaf0aee790d,66179ebde0f186f804932431,Version control (Git),660feb0a6f3688dd93b442cb,2024-04-14 16:00:00,59,,100
66179f6b69a9dcaf0aee790e,66179ebee0f186f804932432,Version control (Git),660feb0a6f3688dd93b442cc,2024-04-14 16:00:00,44,,100
66179f6b69a9dcaf0aee790f,66179ebee0f186f804932433,Version control (Git),660feb0a6f3688dd93b442d4,2024-04-12 16:00:00,31,,100
66179f6b69a9dcaf0aee7910,66179ebee0f186f804932434,Version control (Git),660feb0a6f3688dd93b442d7,2024-04-14 16:00:00,68,,100
66179f6b69a9dcaf0aee7911,66179ebee0f186f804932435,Version control (Git),660feb0a6f3688dd93b442dc,2024-04-12 16:00:00,34,,100
66179f6c69a9dcaf0aee7912,66179ebee0f186f804932436,Version control (Git),660feb0a6f3688dd93b442dd,2024-04-13 16:00:00,38,,100
66179f6c69a9dcaf0aee7913,66179ebee0f186f804932437,Version control (Git),660feb0a6f3688dd93b442e1,2024-04-14 16:00:00,58,,100
66179f6c69a9dcaf0aee7914,66179ebee0f186f804932438,Version control (Git),660feb0a6f3688dd93b442e7,2024-04-14 16:00:00,72,,100
66179f6c69a9dcaf0aee7915,66179ebee0f186f804932439,Version control (Git),660feb0a6f3688dd93b442f2,2024-04-12 16:00:00,92,,100
66179f6c69a9dcaf0aee7916,66179ebee0f186f80493243a,Version control (Git),660feb0a6f3688dd93b442f4,2024-04-12 16:00:00,74,,100
66179f6c69a9dcaf0aee7917,66179ebee0f186f80493243b,Version control (Git),660feb0a6f3688dd93b442fa,2024-04-14 16:00:00,62,,100
66179f6c69a9dcaf0aee7918,66179ebee0f186f80493243c,Version control (Git),660feb0a6f3688dd93b442ce,2024-04-13 16:00:00,49,,100
66179f6c69a9dcaf0aee7919,66179ebfe0f186f80493243d,Version control (Git),660feb0a6f3688dd93b442d0,2024-04-13 16:00:00,51,,100
66179f6d69a9dcaf0aee791a,66179ebfe0f186f80493243e,Version control (Git),660feb0a6f3688dd93b442df,2024-04-12 16:00:00,52,,100
66179f6d69a9dcaf0aee791b,66179ebfe0f186f80493243f,Version control (Git),660feb0a6f3688dd93b442e3,2024-04-13 16:00:00,91,,100
66179f6d69a9dcaf0aee791c,66179ebfe0f186f804932440,Version control (Git),660feb0a6f3688dd93b442e5,2024-04-12 16:00:00,69,,100
66179f6d69a9dcaf0aee791d,66179ebfe0f186f804932441,Version control (Git),660feb0a6f3688dd93b442e6,2024-04-13 16:00:00,34,,100
66179f6d69a9dcaf0aee791e,66179ebfe0f186f804932442,Version control (Git),660feb0a6f3688dd93b442ec,2024-04-13 16:00:00,43,,100
66179f6d69a9dcaf0aee791f,66179ebfe0f186f804932443,Version control (Git),660feb0a6f3688dd93b442ed,2024-04-13 16:00:00,99,,100
66179f6d69a9dcaf0aee7920,66179ebfe0f186f804932444,Version control (Git),660feb0a6f3688dd93b442ef,2024-04-12 16:00:00,73,,100
66179f6d69a9dcaf0aee7921,66179ebfe0f186f804932445,Version control (Git),660feb0a6f3688dd93b442f0,2024-04-13 16:00:00,98,,100
66179f6e69a9dcaf0aee7922,66179ebfe0f186f804932446,Version control (Git),660feb0a6f3688dd93b442f7,2024-04-13 16:00:00,85,,100
66179f6e69a9dcaf0aee7923,66179ebfe0f186f804932447,Version control (Git),660feb0a6f3688dd93b442fd,2024-04-12 16:00:00,46,,100
66179f6e69a9dcaf0aee7924,66179ebfe0f186f804932448,Version control (Git),660feb0a6f3688dd93b442c0,2024-04-14 16:00:00,95,,100
66179f6e69a9dcaf0aee7925,66179ebfe0f186f804932449,Version control (Git),660feb0a6f3688dd93b442c2,2024-04-14 16:00:00,49,,100
66179f6e69a9dcaf0aee7926,66179ec0e0f186f80493244a,Version control (Git),660feb0a6f3688dd93b442c5,2024-04-12 16:00:00,74,,100
66179f6e69a9dcaf0aee7927,66179ec0e0f186f80493244b,Version control (Git),660feb0a6f3688dd93b442cf,2024-04-14 16:00:00,90,,100
66179f6e69a9dcaf0aee7928,66179ec0e0f186f80493244c,Version control (Git),660feb0a6f3688dd93b442d2,2024-04-12 16:00:00,32,,100
66179f6e69a9dcaf0aee7929,66179ec0e0f186f80493244d,Version control (Git),660feb0a6f3688dd93b442d3,2024-04-13 16:00:00,58,,100
66179f6e69a9dcaf0aee792a,66179ec0e0f186f80493244e,Version control (Git),660feb0a6f3688dd93b442d6,2024-04-13 16:00:00,98,,100
66179f6f69a9dcaf0aee792b,66179ec0e0f186f80493244f,Version control (Git),660feb0a6f3688dd93b442d9,2024-04-14 16:00:00,39,,100
66179f6f69a9dcaf0aee792c,66179ec0e0f186f804932450,Version control (Git),660feb0a6f3688dd93b442da,2024-04-14 16:00:00,94,,100
66179f6f69a9dcaf0aee792d,66179ec0e0f186f804932451,Version control (Git),660feb0a6f3688dd93b442e2,2024-04-13 16:00:00,92,,100
66179f6f69a9dcaf0aee792e,66179ec0e0f186f804932452,Version control (Git),660feb0a6f3688dd93b442f3,2024-04-12 16:00:00,70,,100
66179f6f69a9dcaf0aee792f,66179ec0e0f186f804932453,Version control (Git),660feb0a6f3688dd93b442f5,2024-04-13 16:00:00,99,,100
66179f6f69a9dcaf0aee7930,66179ec0e0f186f804932454,Version control (Git),660feb0a6f3688dd93b442f8,2024-04-12 16:00:00,43,,100
66179f6f69a9dcaf0aee7931,66179ec0e0f186f804932455,Version control (Git),660feb0a6f3688dd93b442f9,2024-04-14 16:00:00,34,,100
66179f6f69a9dcaf0aee7932,66179ec1e0f186f804932456,Version control (Git),660feb0a6f3688dd93b442fc,2024-04-14 16:00:00,76,,100
661cada511351f712a0ef4d6,66162346e50718065889528c,Continuous integration/continuous deployment (CI/CD),660feb0a6f3688dd93b442c9,2024-04-13 17:00:00,81,,100
661cada511351f712a0ef4d7,66162346e50718065889528d,Continuous integration/continuous deployment (CI/CD),660feb0a6f3688dd93b442cd,2024-04-11 17:00:00,75,,100
661cada511351f712a0ef4d8,66162346e50718065889528e,Continuous integration/continuous deployment (CI/CD),660feb0a6f3688dd93b442d1,2024-04-12 17:00:00,70,,100
661cada511351f712a0ef4d9,66162346e50718065889528f,Continuous integration/continuous deployment (CI/CD),660feb0a6f3688dd93b442d5,2024-04-13 17:00:00,36,,100
661cada511351f712a0ef4da,66162346e507180658895290,Continuous integration/continuous deployment (CI/CD),660feb0a6f3688dd93b442d8,2024-04-11 17:00:00,82,,100
661cada511351f712a0ef4db,66162346e507180658895291,Continuous integration/continuous deployment (CI/CD),660feb0a6f3688dd93b442db,2024-04-12 17:00:00,91,,100
661cada511351f712a0ef4dc,66162346e507180658895292,Continuous integration/continuous deployment (CI/CD),660feb0a6f3688dd93b442de,2024-04-11 17:00:00,99,,100
661cada511351f712a0ef4dd,66162346e507180658895293,Continuous integration/continuous deployment (CI/CD),660feb0a6f3688dd93b442e0,2024-04-12 17:00:00,96,,100
661cada511351f712a0ef4de,66162346e507180658895294,Continuous integration/continuous deployment (CI/CD),660feb0a6f3688dd93b442e4,2024-04-13 17:00:00,39,,100
661cada611351f712a0ef4df,66162346e507180658895295,Continuous integration/continuous deployment (CI/CD),660feb0a6f3688dd93b442e8,2024-04-11 17:00:00,45,,100
661cada611351f712a0ef4e0,66162346e507180658895296,Continuous integration/continuous deployment (CI/CD),660feb0a6f3688dd93b442e9,2024-04-13 17:00:00,93,,100
661cada611351f712a0ef4e1,66162346e507180658895297,Continuous integration/continuous deployment (CI/CD),660feb0a6f3688dd93b442ea,2024-04-11 17:00:00,62,,100
661cada611351f712a0ef4e2,66162346e507180658895298,Continuous integration/continuous deployment (CI/CD),660feb0a6f3688dd93b442eb,2024-04-11 17:00:00,87,,100
661cada611351f712a0ef4e3,66162346e507180658895299,Continuous integration/continuous deployment (CI/CD),660feb0a6f3688dd93b442ee,2024-04-13 17:00:00,39,,100
661cada611351f712a0ef4e4,66162346e50718065889529a,Continuous integration/continuous deployment (CI/CD),660feb0a6f3688dd93b442f1,2024-04-11 17:00:00,37,,100
661cada611351f712a0ef4e5,66162346e50718065889529b,Continuous integration/continuous deployment (CI/CD),660feb0a6f3688dd93b442f6,2024-04-11 17:00:00,60,,100
661cada611351f712a0ef4e6,66162346e50718065889529c,Continuous integration/continuous deployment (CI/CD),660feb0a6f3688dd93b442fb,2024-04-11 17:00:00,37,,100
661cada611351f712a0ef4e7,66162346e50718065889529d,Continuous integration/continuous deployment (CI/CD),661224230ccdccd17b1e084c,2024-04-12 17:00:00,61,,100
661cada611351f712a0ef4e8,66162346e50718065889529e,Continuous integration/continuous deployment (CI/CD),6613726b575d5b967ace46b4,2024-04-12 17:00:00,63,,100
661cada611351f712a0ef4e9,66179ec1e0f186f804932457,Version control (Git),660feb0a6f3688dd93b442c1,2024-04-14 16:00:00,84,,100
661cada611351f712a0ef4ea,66179ec1e0f186f804932458,Version control (Git),660feb0a6f3688dd93b442c4,2024-04-13 16:00:00,92,,100
661cada611351f712a0ef4eb,66179ec1e0f186f804932459,Version control (Git),660feb0a6f3688dd93b442c6,2024-04-14 16:00:00,80,,100
661cada711351f712a0ef4ec,66179ec1e0f186f80493245a,Version control (Git),660feb0a6f3688dd93b442c7,2024-04-13 16:00:00,32,,100
661cada711351f712a0ef4ed,66179ec1e0f186f80493245b,Version control (Git),660feb0a6f3688dd93b442c8,2024-04-13 16:00:00,37,,100
661cada711351f712a0ef4ee,66179ec1e0f186f80493245c,Version control (Git),660feb0a6f3688dd93b442c9,2024-04-12 16:00:00,67,,100
661cada711351f712a0ef4ef,66179ec1e0f186f80493245d,Version control (Git),660feb0a6f3688dd93b442cd,2024-04-12 16:00:00,81,,100
661cada711351f712a0ef4f0,66179ec1e0f186f80493245e,Version control (Git),660feb0a6f3688dd93b442d1,2024-04-13 16:00:00,97,,100
661cada711351f712a0ef4f1,66179ec1e0f186f80493245f,Version control (Git),660feb0a6f3688dd93b442d5,2024-04-14 16:00:00,40,,100
661cada711351f712a0ef4f2,66179ec1e0f186f804932460,Version control (Git),660feb0a6f3688dd93b442d8,2024-04-13 16:00:00,36,,100
661cada711351f712a0ef4f3,66179ec1e0f186f804932461,Version control (Git),660feb0a6f3688dd93b442db,2024-04-13 16:00:00,86,,100
661cada711351f712a0ef4f4,66179ec1e0f186f804932462,Version control (Git),660feb0a6f3688dd93b442de,2024-04-14 16:00:00,37,,100
661cada711351f712a0ef4f5,66179ec1e0f186f804932463,Version control (Git),660feb0a6f3688dd93b442e0,2024-04-12 16:00:00,33,,100
661cada711351f712a0ef4f6,66179ec1e0f186f804932464,Version control (Git),660feb0a6f3688dd93b442e4,2024-04-12 16:00:00,68,,100
661cada711351f712a0ef4f7,66179ec1e0f186f804932465,Version control (Git),660feb0a6f3688dd93b442e8,2024-04-12 16:00:00,33,,100
661cada711351f712a0ef4f8,66179ec2e0f186f804932466,Version control (Git),660feb0a6f3688dd93b442e9,2024-04-14 16:00:00,88,,100
661cada711351f712a0ef4f9,66179ec2e0f186f804932467,Version control (Git),660feb0a6f3688dd93b442ea,2024-04-13 16:00:00,77,,100
661cada811351f712a0ef4fa,66179ec2e0f186f804932468,Version control (Git),660feb0a6f3688dd93b442eb,2024-04-14 16:00:00,92,,100
661cada811351f712a0ef4fb,66179ec2e0f186f804932469,Version control (Git),660feb0a6f3688dd93b442ee,2024-04-14 16:00:00,71,,100
661cada811351f712a0ef4fc,66179ec2e0f186f80493246a,Version control (Git),660feb0a6f3688dd93b442f1,2024-04-13 16:00:00,88,,100
661cada811351f712a0ef4fd,66179ec2e0f186f80493246b,Version control (Git),660feb0a6f3688dd93b442f6,2024-04-12 16:00:00,75,,100
661cada811351f712a0ef4fe,66179ec2e0f186f80493246c,Version control (Git),660feb0a6f3688dd93b442fb,2024-04-14 16:00:00,67,,100
661cada811351f712a0ef4ff,66179ec2e0f186f80493246d,Version control (Git),661224230ccdccd17b1e084c,2024-04-14 16:00:00,33,,100
661cada811351f712a0ef500,66179ec2e0f186f80493246e,Version control (Git),6613726b575d5b967ace46b4,2024-04-12 16:00:00,41,,100
661cada811351f712a0ef501,6618dbc46c577157ad6fa346,Version control (Git),660fe8a86f3688dd93b36678,2024-04-15 11:00:00,37,,100
661cada811351f712a0ef502,6618dbc46c577157ad6fa347,Version control (Git),660fe8a86f3688dd93b36680,2024-04-16 11:00:00,89,,100
661cada811351f712a0ef503,6618dbc46c577157ad6fa348,Version control (Git),660fe8a86f3688dd93b3667e,2024-04-14 11:00:00,68,,100
661cada811351f712a0ef504,6618dbc46c577157ad6fa349,Version control (Git),660fe8a86f3688dd93b3667a,2024-04-15 11:00:00,31,,100
661cada811351f712a0ef505,6618dbc46c577157ad6fa34a,Version control (Git),660fe8a86f3688dd93b36679,2024-04-16 11:00:00,46,,100
661cada811351f712a0ef506,6618dbc46c577157ad6fa34b,Version control (Git),660fe8a86f3688dd93b3667b,2024-04-16 11:00:00,73,,100
661cada911351f712a0ef507,6618dbc46c577157ad6fa34c,Version control (Git),660fe8a86f3688dd93b3667c,2024-04-16 11:00:00,66,,100
661cada911351f712a0ef508,6618dbc46c577157ad6fa34d,Version control (Git),660fe8a86f3688dd93b3667d,2024-04-15 11:00:00,30,,100
661cada911351f712a0ef509,6618dbc46c577157ad6fa34e,Version control (Git),660fe8a86f3688dd93b3667f,2024-04-14 11:00:00,75,,100
661cada911351f712a0ef50a,6618dbc46c577157ad6fa34f,Version control (Git),660fe8a86f3688dd93b36681,2024-04-14 11:00:00,71,,100
661cada911351f712a0ef50b,6618dbc46c577157ad6fa350,Version control (Git),660fe8a86f3688dd93b36682,2024-04-16 11:00:00,82,,100
661cada911351f712a0ef50c,6618dbc46c577157ad6fa351,Version control (Git),660fe8a86f3688dd93b36688,2024-04-14 11:00:00,45,,100
661cada911351f712a0ef50d,6618dbc46c577157ad6fa352,Version control (Git),660fe8a86f3688dd93b3668d,2024-04-14 11:00:00,46,,100
661cada911351f712a0ef50e,6618dbc46c577157ad6fa353,Version control (Git),660fe8a86f3688dd93b3668f,2024-04-14 11:00:00,52,,100
661cada911351f712a0ef50f,6618dbc46c577157ad6fa354,Version control (Git),660fe8a86f3688dd93b36690,2024-04-14 11:00:00,51,,100
661cada911351f712a0ef510,6618dbc46c577157ad6fa355,Version control (Git),660fe8a86f3688dd93b36691,2024-04-14 11:00:00,59,,100
661cada911351f712a0ef511,6618dbc46c577157ad6fa356,Version control (Git),660fe8a86f3688dd93b36692,2024-04-14 11:00:00,71,,100
661cada911351f712a0ef512,6618dbc46c577157ad6fa357,Version control (Git),660fe8a86f3688dd93b36695,2024-04-15 11:00:00,74,,100
661cada911351f712a0ef513,6618dbc46c577157ad6fa358,Version control (Git),660fe8a86f3688dd93b36698,2024-04-16 11:00:00,43,,100
661cadaa11351f712a0ef514,6618dbc46c577157ad6fa359,Version control (Git),660fe8a86f3688dd93b36699,2024-04-14 11:00:00,74,,100
661cadaa11351f712a0ef515,6618dbc46c577157ad6fa35a,Version control (Git),660fe8a86f3688dd93b3669a,2024-04-14 11:00:00,60,,100
661cadaa11351f712a0ef516,6618dbc46c577157ad6fa35b,Version control (Git),660fe8a86f3688dd93b36685,2024-04-14 11:00:00,51,,100
661cadaa11351f712a0ef517,6618dbc46c577157ad6fa35c,Version control (Git),660fe8a86f3688dd93b36686,2024-04-16 11:00:00,76,,100
661cadaa11351f712a0ef518,6618dbc46c577157ad6fa35d,Version control (Git),660fe8a86f3688dd93b36689,2024-04-14 11:00:00,90,,100
661cadaa11351f712a0ef519,6618dbc46c577157ad6fa35e,Version control (Git),660fe8a86f3688dd93b3668a,2024-04-14 11:00:00,100,,100
661cadaa11351f712a0ef51a,6618dbc46c577157ad6fa35f,Version control (Git),660fe8a86f3688dd93b3668b,2024-04-16 11:00:00,71,,100
661cadaa11351f712a0ef51b,6618dbc46c577157ad6fa360,Version control (Git),660fe8a86f3688dd93b3668e,2024-04-15 11:00:00,79,,100
661cadaa11351f712a0ef51c,6618dbc46c577157ad6fa361,Version control (Git),660fe8a86f3688dd93b36696,2024-04-15 11:00:00,32,,100
661cadaa11351f712a0ef51d,6618dbc46c577157ad6fa362,Version control (Git),660fe8a86f3688dd93b36684,2024-04-14 11:00:00,37,,100
661cadaa11351f712a0ef51e,6618dbc46c577157ad6fa363,Version control (Git),660fe8a86f3688dd93b36693,2024-04-16 11:00:00,54,,100
661cadaa11351f712a0ef51f,6618dbc46c577157ad6fa364,Version control (Git),660fe8a86f3688dd93b36697,2024-04-16 11:00:00,72,,100
661cadaa11351f712a0ef520,6618dbc46c577157ad6fa365,Version control (Git),660fe8a86f3688dd93b3669b,2024-04-15 11:00:00,68,,100
661cadaa11351f712a0ef521,6618dbc46c577157ad6fa366,Version control (Git),660fe8a86f3688dd93b36683,2024-04-16 11:00:00,67,,100
661cadab11351f712a0ef522,6618dbc46c577157ad6fa367,Version control (Git),660fe8a86f3688dd93b36687,2024-04-15 11:00:00,75,,100
661cadab11351f712a0ef523,6618dbc46c577157ad6fa368,Version control (Git),660fe8a86f3688dd93b3668c,2024-04-14 11:00:00,61,,100
661cadab11351f712a0ef524,6618dbc46c577157ad6fa369,Version control (Git),660fe8a86f3688dd93b36694,2024-04-16 11:00:00,56,,100
661cadab11351f712a0ef525,6618dbc46c577157ad6fa36a,Version control (Git),660fe8a86f3688dd93b3669c,2024-04-14 11:00:00,51,,100
661cadab11351f712a0ef526,6618dbc46c577157ad6fa36b,Version control (Git),660feb0a6f3688dd93b442ca,2024-04-15 11:00:00,93,,100
661cadab11351f712a0ef527,6618dbc46c577157ad6fa36c,Version control (Git),660feb0a6f3688dd93b442c3,2024-04-14 11:00:00,59,,100
661cadab11351f712a0ef528,6618dbc46c577157ad6fa36d,Version control (Git),660feb0a6f3688dd93b442cb,2024-04-14 11:00:00,100,,100
661cadab11351f712a0ef529,6618dbc46c577157ad6fa36e,Version control (Git),660feb0a6f3688dd93b442cc,2024-04-14 11:00:00,39,,100
661cadab11351f712a0ef52a,6618dbc46c577157ad6fa36f,Version control (Git),660feb0a6f3688dd93b442d4,2024-04-15 11:00:00,51,,100
661cadab11351f712a0ef52b,6618dbc46c577157ad6fa370,Version control (Git),660feb0a6f3688dd93b442d7,2024-04-14 11:00:00,97,,100
661cadab11351f712a0ef52c,6618dbc46c577157ad6fa371,Version control (Git),660feb0a6f3688dd93b442dc,2024-04-16 11:00:00,64,,100
661cadab11351f712a0ef52d,6618dbc46c577157ad6fa372,Version control (Git),660feb0a6f3688dd93b442dd,2024-04-15 11:00:00,45,,100
661cadab11351f712a0ef52e,6618dbc46c577157ad6fa373,Version control (Git),660feb0a6f3688dd93b442e1,2024-04-15 11:00:00,96,,100
661cadac11351f712a0ef52f,6618dbc46c577157ad6fa374,Version control (Git),660feb0a6f3688dd93b442e7,2024-04-15 11:00:00,44,,100
661cadac11351f712a0ef530,6618dbc46c577157ad6fa375,Version control (Git),660feb0a6f3688dd93b442f2,2024-04-15 11:00:00,51,,100
661cadac11351f712a0ef531,6618dbc46c577157ad6fa376,Version control (Git),660feb0a6f3688dd93b442f4,2024-04-15 11:00:00,43,,100
661cadac11351f712a0ef532,6618dbc46c577157ad6fa377,Version control (Git),660feb0a6f3688dd93b442fa,2024-04-15 11:00:00,55,,100
661cadac11351f712a0ef533,6618dbc46c577157ad6fa378,Version control (Git),660feb0a6f3688dd93b442ce,2024-04-14 11:00:00,90,,100
661cadac11351f712a0ef534,6618dbc46c577157ad6fa379,Version control (Git),660feb0a6f3688dd93b442d0,2024-04-15 11:00:00,69,,100
661cadac11351f712a0ef535,6618dbc46c577157ad6fa37a,Version control (Git),660feb0a6f3688dd93b442df,2024-04-15 11:00:00,60,,100
661cadac11351f712a0ef536,6618dbc46c577157ad6fa37b,Version control (Git),660feb0a6f3688dd93b442e3,2024-04-15 11:00:00,100,,100
661cadac11351f712a0ef537,6618dbc46c577157ad6fa37c,Version control (Git),660feb0a6f3688dd93b442e5,2024-04-14 11:00:00,95,,100
661cadac11351f712a0ef538,6618dbc46c577157ad6fa37d,Version control (Git),660feb0a6f3688dd93b442e6,2024-04-16 11:00:00,35,,100
661cadac11351f712a0ef539,6618dbc46c577157ad6fa37e,Version control (Git),660feb0a6f3688dd93b442ec,2024-04-15 11:00:00,38,,100
661cadac11351f712a0ef53a,6618dbc46c577157ad6fa37f,Version control (Git),660feb0a6f3688dd93b442ed,2024-04-15 11:00:00,75,,100
661cadac11351f712a0ef53b,6618dbc46c577157ad6fa380,Version control (Git),660feb0a6f3688dd93b442ef,2024-04-14 11:00:00,69,,100
661cae0a11351f712a0ef53c,66162346e50718065889528c,Continuous integration/continuous deployment (CI/CD),660feb0a6f3688dd93b442c9,2024-04-12 17:00:00,79,,100
661cae0a11351f712a0ef53d,66162346e50718065889528d,Continuous integration/continuous deployment (CI/CD),660feb0a6f3688dd93b442cd,2024-04-12 17:00:00,86,,100
661cae0a11351f712a0ef53e,66162346e50718065889528e,Continuous integration/continuous deployment (CI/CD),660feb0a6f3688dd93b442d1,2024-04-12 17:00:00,54,,100
661cae0a11351f712a0ef53f,66162346e50718065889528f,Continuous integration/continuous deployment (CI/CD),660feb0a6f3688dd93b442d5,2024-04-11 17:00:00,50,,100
661cae0a11351f712a0ef540,66162346e507180658895290,Continuous integration/continuous deployment (CI/CD),660feb0a6f3688dd93b442d8,2024-04-11 17:00:00,69,,100
661cae0a11351f712a0ef541,66162346e507180658895291,Continuous integration/continuous deployment (CI/CD),660feb0a6f3688dd93b442db,2024-04-11 17:00:00,38,,100
661cae0a11351f712a0ef542,66162346e507180658895292,Continuous integration/continuous deployment (CI/CD),660feb0a6f3688dd93b442de,2024-04-11 17:00:00,90,,100
661cae0a11351f712a0ef543,66162346e507180658895293,Continuous integration/continuous deployment (CI/CD),660feb0a6f3688dd93b442e0,2024-04-11 17:00:00,50,,100
661cae0a11351f712a0ef544,66162346e507180658895294,Continuous integration/continuous deployment (CI/CD),660feb0a6f3688dd93b442e4,2024-04-12 17:00:00,69,,100
661cae0b11351f712a0ef545,66162346e507180658895295,Continuous integration/continuous deployment (CI/CD),660feb0a6f3688dd93b442e8,2024-04-13 17:00:00,33,,100
661cae0b11351f712a0ef546,66162346e507180658895296,Continuous integration/continuous deployment (CI/CD),660feb0a6f3688dd93b442e9,2024-04-12 17:00:00,79,,100
661cae0b11351f712a0ef547,66162346e507180658895297,Continuous integration/continuous deployment (CI/CD),660feb0a6f3688dd93b442ea,2024-04-11 17:00:00,46,,100
661cae0b11351f712a0ef548,66162346e507180658895298,Continuous integration/continuous deployment (CI/CD),660feb0a6f3688dd93b442eb,2024-04-11 17:00:00,83,,100
661cae0b11351f712a0ef549,66162346e507180658895299,Continuous integration/continuous deployment (CI/CD),660feb0a6f3688dd93b442ee,2024-04-12 17:00:00,51,,100
661cae0b11351f712a0ef54a,66162346e50718065889529a,Continuous integration/continuous deployment (CI/CD),660feb0a6f3688dd93b442f1,2024-04-12 17:00:00,76,,100
661cae0b11351f712a0ef54b,66162346e50718065889529b,Continuous integration/continuous deployment (CI/CD),660feb0a6f3688dd93b442f6,2024-04-12 17:00:00,32,,100
661cae0b11351f712a0ef54c,66162346e50718065889529c,Continuous integration/continuous deployment (CI/CD),660feb0a6f3688dd93b442fb,2024-04-12 17:00:00,63,,100
661cae0b11351f712a0ef54d,66162346e50718065889529d,Continuous integration/continuous deployment (CI/CD),661224230ccdccd17b1e084c,2024-04-11 17:00:00,99,,100
661cae0b11351f712a0ef54e,66162346e50718065889529e,Continuous integration/continuous deployment (CI/CD),6613726b575d5b967ace46b4,2024-04-11 17:00:00,93,,100
661cae0b11351f712a0ef54f,66179ec1e0f186f804932457,Version control (Git),660feb0a6f3688dd93b442c1,2024-04-12 16:00:00,87,,100
661cae0b11351f712a0ef550,66179ec1e0f186f804932458,Version control (Git),660feb0a6f3688dd93b442c4,2024-04-14 16:00:00,46,,100
661cae0b11351f712a0ef551,66179ec1e0f186f804932459,Version control (Git),660feb0a6f3688dd93b442c6,2024-04-14 16:00:00,58,,100
661cae0c11351f712a0ef552,66179ec1e0f186f80493245a,Version control (Git),660feb0a6f3688dd93b442c7,2024-04-12 16:00:00,72,,100
661cae0c11351f712a0ef553,66179ec1e0f186f80493245b,Version control (Git),660feb0a6f3688dd93b442c8,2024-04-13 16:00:00,80,,100
661cae0c11351f712a0ef554,66179ec1e0f186f80493245c,Version control (Git),660feb0a6f3688dd93b442c9,2024-04-13 16:00:00,36,,100
661cae0c11351f712a0ef555,66179ec1e0f186f80493245d,Version control (Git),660feb0a6f3688dd93b442cd,2024-04-13 16:00:00,51,,100
661cae0c11351f712a0ef556,66179ec1e0f186f80493245e,Version control (Git),660feb0a6f3688dd93b442d1,2024-04-13 16:00:00,57,,100
661cae0c11351f712a0ef557,66179ec1e0f186f80493245f,Version control (Git),660feb0a6f3688dd93b442d5,2024-04-13 16:00:00,75,,100
661cae0c11351f712a0ef558,66179ec1e0f186f804932460,Version control (Git),660feb0a6f3688dd93b442d8,2024-04-14 16:00:00,34,,100
661cae0c11351f712a0ef559,66179ec1e0f186f804932461,Version control (Git),660feb0a6f3688dd93b442db,2024-04-14 16:00:00,66,,100
661cae0c11351f712a0ef55a,66179ec1e0f186f804932462,Version control (Git),660feb0a6f3688dd93b442de,2024-04-13 16:00:00,85,,100
661cae0c11351f712a0ef55b,66179ec1e0f186f804932463,Version control (Git),660feb0a6f3688dd93b442e0,2024-04-12 16:00:00,69,,100
661cae0c11351f712a0ef55c,66179ec1e0f186f804932464,Version control (Git),660feb0a6f3688dd93b442e4,2024-04-12 16:00:00,61,,100
661cae0c11351f712a0ef55d,66179ec1e0f186f804932465,Version control (Git),660feb0a6f3688dd93b442e8,2024-04-13 16:00:00,71,,100
661cae0c11351f712a0ef55e,66179ec2e0f186f804932466,Version control (Git),660feb0a6f3688dd93b442e9,2024-04-13 16:00:00,58,,100
661cae0c11351f712a0ef55f,66179ec2e0f186f804932467,Version control (Git),660feb0a6f3688dd93b442ea,2024-04-14 16:00:00,71,,100
661cae0c11351f712a0ef560,66179ec2e0f186f804932468,Version control (Git),660feb0a6f3688dd93b442eb,2024-04-12 16:00:00,46,,100
661cae0d11351f712a0ef561,66179ec2e0f186f804932469,Version control (Git),660feb0a6f3688dd93b442ee,2024-04-14 16:00:00,71,,100
661cae0d11351f712a0ef562,66179ec2e0f186f80493246a,Version control (Git),660feb0a6f3688dd93b442f1,2024-04-13 16:00:00,39,,100
661cae0d11351f712a0ef563,66179ec2e0f186f80493246b,Version control (Git),660feb0a6f3688dd93b442f6,2024-04-13 16:00:00,52,,100
661cae0d11351f712a0ef564,66179ec2e0f186f80493246c,Version control (Git),660feb0a6f3688dd93b442fb,2024-04-14 16:00:00,95,,100
661cae0d11351f712a0ef565,66179ec2e0f186f80493246d,Version control (Git),661224230ccdccd17b1e084c,2024-04-12 16:00:00,68,,100
661cae0d11351f712a0ef566,66179ec2e0f186f80493246e,Version control (Git),6613726b575d5b967ace46b4,2024-04-14 16:00:00,95,,100
661cae0d11351f712a0ef567,6618dbc46c577157ad6fa346,Version control (Git),660fe8a86f3688dd93b36678,2024-04-14 11:00:00,34,,100
661cae0d11351f712a0ef568,6618dbc46c577157ad6fa347,Version control (Git),660fe8a86f3688dd93b36680,2024-04-14 11:00:00,36,,100
661cae0d11351f712a0ef569,6618dbc46c577157ad6fa348,Version control (Git),660fe8a86f3688dd93b3667e,2024-04-16 11:00:00,31,,100
661cae0d11351f712a0ef56a,6618dbc46c577157ad6fa349,Version control (Git),660fe8a86f3688dd93b3667a,2024-04-14 11:00:00,67,,100
661cae0d11351f712a0ef56b,6618dbc46c577157ad6fa34a,Version control (Git),660fe8a86f3688dd93b36679,2024-04-15 11:00:00,96,,100
661cae0d11351f712a0ef56c,6618dbc46c577157ad6fa34b,Version control (Git),660fe8a86f3688dd93b3667b,2024-04-16 11:00:00,32,,100
661cae0d11351f712a0ef56d,6618dbc46c577157ad6fa34c,Version control (Git),660fe8a86f3688dd93b3667c,2024-04-16 11:00:00,96,,100
661cae0d11351f712a0ef56e,6618dbc46c577157ad6fa34d,Version control (Git),660fe8a86f3688dd93b3667d,2024-04-14 11:00:00,95,,100
661cae0e11351f712a0ef56f,6618dbc46c577157ad6fa34e,Version control (Git),660fe8a86f3688dd93b3667f,2024-04-16 11:00:00,100,,100
661cae0e11351f712a0ef570,6618dbc46c577157ad6fa34f,Version control (Git),660fe8a86f3688dd93b36681,2024-04-14 11:00:00,70,,100
661cae0e11351f712a0ef571,6618dbc46c577157ad6fa350,Version control (Git),660fe8a86f3688dd93b36682,2024-04-15 11:00:00,42,,100
661cae0e11351f712a0ef572,6618dbc46c577157ad6fa351,Version control (Git),660fe8a86f3688dd93b36688,2024-04-15 11:00:00,77,,100
661cae0e11351f712a0ef573,6618dbc46c577157ad6fa352,Version control (Git),660fe8a86f3688dd93b3668d,2024-04-16 11:00:00,91,,100
661cae0e11351f712a0ef574,6618dbc46c577157ad6fa353,Version control (Git),660fe8a86f3688dd93b3668f,2024-04-16 11:00:00,35,,100
661cae0e11351f712a0ef575,6618dbc46c577157ad6fa354,Version control (Git),660fe8a86f3688dd93b36690,2024-04-14 11:00:00,36,,100
661cae0e11351f712a0ef576,6618dbc46c577157ad6fa355,Version control (Git),660fe8a86f3688dd93b36691,2024-04-14 11:00:00,38,,100
661cae0e11351f712a0ef577,6618dbc46c577157ad6fa356,Version control (Git),660fe8a86f3688dd93b36692,2024-04-15 11:00:00,95,,100
661cae0e11351f712a0ef578,6618dbc46c577157ad6fa357,Version control (Git),660fe8a86f3688dd93b36695,2024-04-15 11:00:00,99,,100
661cae0e11351f712a0ef579,6618dbc46c577157ad6fa358,Version control (Git),660fe8a86f3688dd93b36698,2024-04-15 11:00:00,36,,100
661cae0e11351f712a0ef57a,6618dbc46c577157ad6fa359,Version control (Git),660fe8a86f3688dd93b36699,2024-04-14 11:00:00,73,,100
661cae0f11351f712a0ef57b,6618dbc46c577157ad6fa35a,Version control (Git),660fe8a86f3688dd93b3669a,2024-04-14 11:00:00,98,,100
661cae0f11351f712a0ef57c,6618dbc46c577157ad6fa35b,Version control (Git),660fe8a86f3688dd93b36685,2024-04-16 11:00:00,96,,100
661cae0f11351f712a0ef57d,6618dbc46c577157ad6fa35c,Version control (Git),660fe8a86f3688dd93b36686,2024-04-14 11:00:00,51,,100
661cae0f11351f712a0ef57e,6618dbc46c577157ad6fa35d,Version control (Git),660fe8a86f3688dd93b36689,2024-04-16 11:00:00,37,,100
661cae0f11351f712a0ef57f,6618dbc46c577157ad6fa35e,Version control (Git),660fe8a86f3688dd93b3668a,2024-04-15 11:00:00,72,,100
661cae0f11351f712a0ef580,6618dbc46c577157ad6fa35f,Version control (Git),660fe8a86f3688dd93b3668b,2024-04-14 11:00:00,44,,100
661cae0f11351f712a0ef581,6618dbc46c577157ad6fa360,Version control (Git),660fe8a86f3688dd93b3668e,2024-04-15 11:00:00,36,,100
661cae0f11351f712a0ef582,6618dbc46c577157ad6fa361,Version control (Git),660fe8a86f3688dd93b36696,2024-04-15 11:00:00,84,,100
661cae0f11351f712a0ef583,6618dbc46c577157ad6fa362,Version control (Git),660fe8a86f3688dd93b36684,2024-04-15 11:00:00,85,,100
661cae0f11351f712a0ef584,6618dbc46c577157ad6fa363,Version control (Git),660fe8a86f3688dd93b36693,2024-04-15 11:00:00,54,,100
661cae0f11351f712a0ef585,6618dbc46c577157ad6fa364,Version control (Git),660fe8a86f3688dd93b36697,2024-04-15 11:00:00,41,,100
661cae1011351f712a0ef586,6618dbc46c577157ad6fa365,Version control (Git),660fe8a86f3688dd93b3669b,2024-04-14 11:00:00,53,,100
661cae1011351f712a0ef587,6618dbc46c577157ad6fa366,Version control (Git),660fe8a86f3688dd93b36683,2024-04-16 11:00:00,46,,100
661cae1011351f712a0ef588,6618dbc46c577157ad6fa367,Version control (Git),660fe8a86f3688dd93b36687,2024-04-14 11:00:00,38,,100
661cae1011351f712a0ef589,6618dbc46c577157ad6fa368,Version control (Git),660fe8a86f3688dd93b3668c,2024-04-14 11:00:00,36,,100
661cae1011351f712a0ef58a,6618dbc46c577157ad6fa369,Version control (Git),660fe8a86f3688dd93b36694,2024-04-15 11:00:00,71,,100
661cae1011351f712a0ef58b,6618dbc46c577157ad6fa36a,Version control (Git),660fe8a86f3688dd93b3669c,2024-04-15 11:00:00,64,,100
661cae1011351f712a0ef58c,6618dbc46c577157ad6fa36b,Version control (Git),660feb0a6f3688dd93b442ca,2024-04-14 11:00:00,32,,100
661cae1011351f712a0ef58d,6618dbc46c577157ad6fa36c,Version control (Git),660feb0a6f3688dd93b442c3,2024-04-14 11:00:00,73,,100
661cae1011351f712a0ef58e,6618dbc46c577157ad6fa36d,Version control (Git),660feb0a6f3688dd93b442cb,2024-04-16 11:00:00,63,,100
661cae1011351f712a0ef58f,6618dbc46c577157ad6fa36e,Version control (Git),660feb0a6f3688dd93b442cc,2024-04-15 11:00:00,96,,100
661cae1011351f712a0ef590,6618dbc46c577157ad6fa36f,Version control (Git),660feb0a6f3688dd93b442d4,2024-04-15 11:00:00,67,,100
661cae1011351f712a0ef591,6618dbc46c577157ad6fa370,Version control (Git),660feb0a6f3688dd93b442d7,2024-04-16 11:00:00,67,,100
661cae1011351f712a0ef592,6618dbc46c577157ad6fa371,Version control (Git),660feb0a6f3688dd93b442dc,2024-04-16 11:00:00,97,,100
661cae1011351f712a0ef593,6618dbc46c577157ad6fa372,Version control (Git),660feb0a6f3688dd93b442dd,2024-04-15 11:00:00,78,,100
661cae1111351f712a0ef594,6618dbc46c577157ad6fa373,Version control (Git),660feb0a6f3688dd93b442e1,2024-04-15 11:00:00,93,,100
661cae1111351f712a0ef595,6618dbc46c577157ad6fa374,Version control (Git),660feb0a6f3688dd93b442e7,2024-04-16 11:00:00,39,,100
661cae1111351f712a0ef596,6618dbc46c577157ad6fa375,Version control (Git),660feb0a6f3688dd93b442f2,2024-04-14 11:00:00,71,,100
661cae1111351f712a0ef597,6618dbc46c577157ad6fa376,Version control (Git),660feb0a6f3688dd93b442f4,2024-04-15 11:00:00,42,,100
661cae1111351f712a0ef598,6618dbc46c577157ad6fa377,Version control (Git),660feb0a6f3688dd93b442fa,2024-04-15 11:00:00,73,,100
661cae1111351f712a0ef599,6618dbc46c577157ad6fa378,Version control (Git),660feb0a6f3688dd93b442ce,2024-04-14 11:00:00,80,,100
661cae1111351f712a0ef59a,6618dbc46c577157ad6fa379,Version control (Git),660feb0a6f3688dd93b442d0,2024-04-14 11:00:00,40,,100
661cae1111351f712a0ef59b,6618dbc46c577157ad6fa37a,Version control (Git),660feb0a6f3688dd93b442df,2024-04-14 11:00:00,71,,100
661cae1111351f712a0ef59c,6618dbc46c577157ad6fa37b,Version control (Git),660feb0a6f3688dd93b442e3,2024-04-15 11:00:00,51,,100
661cae1111351f712a0ef59d,6618dbc46c577157ad6fa37c,Version control (Git),660feb0a6f3688dd93b442e5,2024-04-15 11:00:00,73,,100
661cae1111351f712a0ef59e,6618dbc46c577157ad6fa37d,Version control (Git),660feb0a6f3688dd93b442e6,2024-04-14 11:00:00,44,,100
661cae1111351f712a0ef59f,6618dbc46c577157ad6fa37e,Version control (Git),660feb0a6f3688dd93b442ec,2024-04-14 11:00:00,51,,100
661cae1111351f712a0ef5a0,6618dbc46c577157ad6fa37f,Version control (Git),660feb0a6f3688dd93b442ed,2024-04-15 11:00:00,77,,100
661cae1111351f712a0ef5a1,6618dbc46c577157ad6fa380,Version control (Git),660feb0a6f3688dd93b442ef,2024-04-16 11:00:00,71,,100
