_id,programId,programName,Startdatetime,Enddatetime,venue,trainee,trainers,status,__v
661380ac2b58b7175bca7031,6612820b9ee42a92ec2a0f0b,"Cloud deployment models (Public, Private, Hybrid, Multi-cloud)",2024-04-09 09:00:00,2024-04-09 12:00:00,PUT_YOUR_VENUE_HERE,661224230ccdccd17b1e084c,[ObjectId('660feb0a6f3688dd93b44381')],completed,0.0
66138a552b58b7175bca70b4,6612820b9ee42a92ec2a0f0b,"Cloud deployment models (Public, Private, Hybrid, Multi-cloud)",2024-04-09 14:00:00,2024-04-09 15:00:00,Online,661224230ccdccd17b1e084c,[ObjectId('660feb0a6f3688dd93b44381')],completed,0.0
6613a181a17a6dbac96b1781,6612820b9ee42a92ec2a0f0c,Infrastructure as Code (IaC),2024-04-08 03:30:00,2024-04-10 11:30:00,Virtual Classroom,661224230ccdccd17b1e084c,[],completed,0.0
6613e4e59ee42a92eca133ee,6612820b9ee42a92ec2a0f47,Feature engineering,2024-01-06 00:00:00,2024-01-10 00:00:00,Cozy Cove,660feb0a6f3688dd93b442d9,['660feb0a6f3688dd93b443c3'],completed,
6613e4e59ee42a92eca133ef,6612820b9ee42a92ec2a0f4e,Reinforcement learning,2024-01-03 00:00:00,2024-01-09 00:00:00,Hideaway,660fe8a86f3688dd93b3667b,['660feb0a6f3688dd93b44312'],completed,
6613e4e59ee42a92eca133f0,6612820b9ee42a92ec2a0f4b,Model evaluation and validation,2024-01-05 00:00:00,2024-01-05 00:00:00,Cozy Cove,661224230ccdccd17b1e084c,['660feb0a6f3688dd93b443c3'],completed,
6613e4e59ee42a92eca133f1,6612820b9ee42a92ec2a0f41,Infrastructure automation,2024-01-07 00:00:00,2024-01-11 00:00:00,Den,660feb0a6f3688dd93b442e7,['660feb0a6f3688dd93b4433e'],completed,
6613e4e59ee42a92eca133f2,6612820b9ee42a92ec2a0f14,User research,2024-01-05 00:00:00,2024-01-05 00:00:00,Sanctuary,660feb0a6f3688dd93b442c5,['660feb0a6f3688dd93b44333'],completed,
6613e4e59ee42a92eca133f3,6612820b9ee42a92ec2a0f3b,A/B testing methodologies,2024-01-08 00:00:00,2024-01-11 00:00:00,Hideaway,660feb0a6f3688dd93b442cf,['660feb0a6f3688dd93b44388'],completed,
6613e4e59ee42a92eca133f4,6612820b9ee42a92ec2a0f4b,Model evaluation and validation,2024-01-06 00:00:00,2024-01-07 00:00:00,Den,660fe8a86f3688dd93b36694,['660feb0a6f3688dd93b44380'],completed,
6613e4e59ee42a92eca133f5,6612820b9ee42a92ec2a0f30,Data governance,2024-01-06 00:00:00,2024-01-09 00:00:00,Cozy Cove,660feb0a6f3688dd93b442e7,['660feb0a6f3688dd93b44355'],completed,
6613e4e59ee42a92eca133f6,6612820b9ee42a92ec2a0f16,Prototyping,2024-01-06 00:00:00,2024-01-13 00:00:00,Den,660fe8a86f3688dd93b36685,['660feb0a6f3688dd93b4432c'],completed,
6613e4e59ee42a92eca133f7,660ed878d1b3e162abf04cc4,Data Science Fundamentals,2024-01-05 00:00:00,2024-01-07 00:00:00,Haven,660feb0a6f3688dd93b442de,['660feb0a6f3688dd93b44388'],completed,
6613e4e59ee42a92eca133f8,6612820b9ee42a92ec2a0f43,Test automation frameworks,2024-01-07 00:00:00,2024-01-09 00:00:00,Oasis,660feb0a6f3688dd93b442c8,['660feb0a6f3688dd93b44355'],completed,
6613e4e59ee42a92eca133f9,6612820b9ee42a92ec2a0f25,"Message brokers (e.g., RabbitMQ, Kafka)",2024-01-04 00:00:00,2024-01-05 00:00:00,Oasis,660fe8a86f3688dd93b36695,['660feb0a6f3688dd93b44380'],completed,
6613e4e59ee42a92eca133fa,6612820b9ee42a92ec2a0f44,Automated incident response,2024-01-03 00:00:00,2024-01-10 00:00:00,Oasis,660feb0a6f3688dd93b442fa,['660feb0a6f3688dd93b4432c'],completed,
6613e4e59ee42a92eca133fb,6612820b9ee42a92ec2a0f18,User personas,2024-01-08 00:00:00,2024-01-10 00:00:00,Oasis,660feb0a6f3688dd93b442d9,['660feb0a6f3688dd93b44388'],completed,
6613e4e59ee42a92eca133fc,6612820b9ee42a92ec2a0f13,Monitoring and logging in cloud environments,2024-01-08 00:00:00,2024-01-12 00:00:00,Sanctuary,660feb0a6f3688dd93b442e4,['660feb0a6f3688dd93b4433e'],completed,
6613e4e59ee42a92eca133fd,6612820b9ee42a92ec2a0f0b,"Cloud deployment models (Public, Private, Hybrid, Multi-cloud)",2024-01-08 00:00:00,2024-01-09 00:00:00,Den,660fe8a86f3688dd93b36678,['660feb0a6f3688dd93b4432c'],completed,
6613e4e59ee42a92eca133fe,660ed889d1b3e162abf04cc6,Advanced Machine Learning,2024-01-08 00:00:00,2024-01-15 00:00:00,Den,661224230ccdccd17b1e084c,['660feb0a6f3688dd93b44333'],completed,
6613e4e59ee42a92eca133ff,6612820b9ee42a92ec2a0f1d,Interaction design,2024-01-03 00:00:00,2024-01-05 00:00:00,Oasis,660feb0a6f3688dd93b442d6,['660feb0a6f3688dd93b44333'],completed,
6613e4e59ee42a92eca13400,6612820b9ee42a92ec2a0f19,Information architecture,2024-01-06 00:00:00,2024-01-10 00:00:00,Cosy Corner,660feb0a6f3688dd93b442c0,['660feb0a6f3688dd93b44333'],completed,
6613e4e59ee42a92eca13401,6612820b9ee42a92ec2a0f07,Software architecture,2024-01-04 00:00:00,2024-01-05 00:00:00,Den,660feb0a6f3688dd93b442e8,['660feb0a6f3688dd93b44312'],completed,
6613e4e59ee42a92eca13402,6612820b9ee42a92ec2a0f2b,Data warehouses,2024-01-02 00:00:00,2024-01-09 00:00:00,Den,6613726b575d5b967ace46b4,['660feb0a6f3688dd93b44357'],completed,
6613e4e59ee42a92eca13403,6612820b9ee42a92ec2a0f46,Data preprocessing techniques,2024-01-04 00:00:00,2024-01-07 00:00:00,Retreat,660fe8a86f3688dd93b36684,['660feb0a6f3688dd93b44380'],completed,
6613e4e59ee42a92eca13404,6612820b9ee42a92ec2a0f12,Cost management in the cloud,2024-01-08 00:00:00,2024-01-11 00:00:00,Cozy Cove,660fe8a86f3688dd93b3669b,['660feb0a6f3688dd93b44333'],completed,
6613e4e59ee42a92eca13405,6612820b9ee42a92ec2a0f33,Exploratory data analysis (EDA),2024-01-04 00:00:00,2024-01-07 00:00:00,Sanctuary,660feb0a6f3688dd93b442ca,['660feb0a6f3688dd93b4432c'],completed,
6613e4e59ee42a92eca13406,6612820b9ee42a92ec2a0f27,Scalable backend architectures,2024-01-01 00:00:00,2024-01-07 00:00:00,Oasis,660feb0a6f3688dd93b442e0,['660feb0a6f3688dd93b44380'],completed,
6613e4e59ee42a92eca13407,660ed945d1b3e162abf04cd2,Data Analytics Bootcamp,2024-01-02 00:00:00,2024-01-04 00:00:00,Oasis,660fe8a86f3688dd93b36687,['660feb0a6f3688dd93b44380'],completed,
6613e4e59ee42a92eca13408,660ed929d1b3e162abf04cd0,Data Engineering Essentials,2024-01-06 00:00:00,2024-01-09 00:00:00,Tardis,660fe8a86f3688dd93b3668e,['660feb0a6f3688dd93b44333'],completed,
6613e4e59ee42a92eca13409,6612820b9ee42a92ec2a0f08,Refactoring techniques,2024-01-04 00:00:00,2024-01-06 00:00:00,Retreat,660feb0a6f3688dd93b442ea,['660feb0a6f3688dd93b44388'],completed,
6613e4e59ee42a92eca1340a,6612820b9ee42a92ec2a0f20,"Server-side programming languages (e.g., Node.js, Django, Flask)",2024-01-07 00:00:00,2024-01-13 00:00:00,Hideaway,660feb0a6f3688dd93b442c2,['660feb0a6f3688dd93b44357'],completed,
6613e4e59ee42a92eca1340b,6612820b9ee42a92ec2a0f18,User personas,2024-01-07 00:00:00,2024-01-14 00:00:00,Sanctuary,660feb0a6f3688dd93b442f9,['660feb0a6f3688dd93b44355'],completed,
6613e4e59ee42a92eca1340c,6612820b9ee42a92ec2a0f20,"Server-side programming languages (e.g., Node.js, Django, Flask)",2024-01-02 00:00:00,2024-01-08 00:00:00,Tardis,660feb0a6f3688dd93b442cb,['660feb0a6f3688dd93b44312'],completed,
6613e4e59ee42a92eca1340d,6612820b9ee42a92ec2a0f45,Automated documentation generation,2024-01-01 00:00:00,2024-01-02 00:00:00,Cozy Cove,660fe8a86f3688dd93b36682,['660feb0a6f3688dd93b44312'],completed,
6613e4e59ee42a92eca1340e,6612820b9ee42a92ec2a0f2d,Real-time data processing,2024-01-04 00:00:00,2024-01-11 00:00:00,Cosy Corner,660fe8a86f3688dd93b36698,['660feb0a6f3688dd93b44388'],completed,
6613e4e59ee42a92eca1340f,6612820b9ee42a92ec2a0f3e,Continuous testing,2024-01-06 00:00:00,2024-01-10 00:00:00,Tardis,660fe8a86f3688dd93b3668e,['660feb0a6f3688dd93b4433e'],completed,
6613e4e59ee42a92eca13410,6612820b9ee42a92ec2a0f17,Usability testing,2024-01-05 00:00:00,2024-01-06 00:00:00,Hideaway,660fe8a86f3688dd93b3667b,['660feb0a6f3688dd93b4432c'],completed,
6613e4e59ee42a92eca13411,6612820b9ee42a92ec2a0f01,Object-oriented programming (OOP),2024-01-04 00:00:00,2024-01-04 00:00:00,Retreat,660feb0a6f3688dd93b442d4,['660feb0a6f3688dd93b44333'],completed,
6613e4e59ee42a92eca13412,6612820b9ee42a92ec2a0f28,Data pipelines,2024-01-03 00:00:00,2024-01-05 00:00:00,Cozy Cove,660feb0a6f3688dd93b442df,['660feb0a6f3688dd93b44380'],completed,
6613e4e59ee42a92eca13413,6612820b9ee42a92ec2a0f2f,Database optimization,2024-01-08 00:00:00,2024-01-15 00:00:00,Hideaway,660feb0a6f3688dd93b442da,['660feb0a6f3688dd93b44312'],completed,
6613e4e59ee42a92eca13414,6612820b9ee42a92ec2a0f44,Automated incident response,2024-01-07 00:00:00,2024-01-09 00:00:00,Haven,660feb0a6f3688dd93b442db,['660feb0a6f3688dd93b4433e'],completed,
6613e4e59ee42a92eca13415,6612820b9ee42a92ec2a0f45,Automated documentation generation,2024-01-04 00:00:00,2024-01-11 00:00:00,Haven,660feb0a6f3688dd93b442d9,['660feb0a6f3688dd93b44380'],completed,
6613e4e59ee42a92eca13416,6612820b9ee42a92ec2a0f12,Cost management in the cloud,2024-01-03 00:00:00,2024-01-05 00:00:00,Retreat,660fe8a86f3688dd93b36695,['660feb0a6f3688dd93b44380'],completed,
6613e4e59ee42a92eca13417,6612820b9ee42a92ec2a0f40,Automated deployment pipelines,2024-01-05 00:00:00,2024-01-10 00:00:00,Nook,660feb0a6f3688dd93b442f8,['660feb0a6f3688dd93b44355'],completed,
6613e4e59ee42a92eca13418,6612820b9ee42a92ec2a0f0e,"Containers and container orchestration (e.g., Docker, Kubernetes)",2024-01-03 00:00:00,2024-01-03 00:00:00,Nook,660feb0a6f3688dd93b442f2,['660feb0a6f3688dd93b4432c'],completed,
6613e4e59ee42a92eca13419,6612820b9ee42a92ec2a0f24,Data modeling and ORM (Object-Relational Mapping),2024-01-02 00:00:00,2024-01-06 00:00:00,Sanctuary,660feb0a6f3688dd93b442e1,['660feb0a6f3688dd93b44333'],completed,
6613e4e59ee42a92eca1341a,6612820b9ee42a92ec2a0f40,Automated deployment pipelines,2024-01-06 00:00:00,2024-01-11 00:00:00,Oasis,660fe8a86f3688dd93b36678,['660feb0a6f3688dd93b44355'],completed,
6613e4e59ee42a92eca1341b,6612820b9ee42a92ec2a0f02,Design patterns,2024-01-02 00:00:00,2024-01-02 00:00:00,Cozy Cove,660feb0a6f3688dd93b442ce,['660feb0a6f3688dd93b44312'],completed,
6613e4e59ee42a92eca1341c,6612820b9ee42a92ec2a0f3e,Continuous testing,2024-01-08 00:00:00,2024-01-10 00:00:00,Haven,660feb0a6f3688dd93b442c5,['660feb0a6f3688dd93b44357'],completed,
6613e4e59ee42a92eca1341d,6612820b9ee42a92ec2a0f3d,"Configuration management tools (e.g., Ansible, Chef, Puppet)",2024-01-08 00:00:00,2024-01-10 00:00:00,Retreat,660feb0a6f3688dd93b442e0,['660feb0a6f3688dd93b44357'],completed,
6613e4e59ee42a92eca1341e,6612820b9ee42a92ec2a0f16,Prototyping,2024-01-04 00:00:00,2024-01-10 00:00:00,Haven,660feb0a6f3688dd93b442ef,['660feb0a6f3688dd93b44380'],completed,
6613e4e59ee42a92eca1341f,6612820b9ee42a92ec2a0f26,Caching strategies,2024-01-01 00:00:00,2024-01-03 00:00:00,Tardis,660feb0a6f3688dd93b442e6,['660feb0a6f3688dd93b443c3'],completed,
6613e4e59ee42a92eca13420,6612820b9ee42a92ec2a0f25,"Message brokers (e.g., RabbitMQ, Kafka)",2024-01-04 00:00:00,2024-01-08 00:00:00,Hideaway,660fe8a86f3688dd93b36699,['660feb0a6f3688dd93b44333'],completed,
6613e4e59ee42a92eca13421,6612820b9ee42a92ec2a0f1b,Responsive web design,2024-01-04 00:00:00,2024-01-11 00:00:00,Nook,660feb0a6f3688dd93b442d6,['660feb0a6f3688dd93b44357'],completed,
6613e4e59ee42a92eca13422,6612820b9ee42a92ec2a0f38,Time series analysis,2024-01-02 00:00:00,2024-01-07 00:00:00,Haven,660feb0a6f3688dd93b442c2,['660feb0a6f3688dd93b44357'],completed,
6613e4e59ee42a92eca13423,6612820b9ee42a92ec2a0f46,Data preprocessing techniques,2024-01-06 00:00:00,2024-01-06 00:00:00,Retreat,660fe8a86f3688dd93b3669a,['660feb0a6f3688dd93b44357'],completed,
6613e4e59ee42a92eca13424,6612820b9ee42a92ec2a0f1c,Accessibility standards,2024-01-04 00:00:00,2024-01-11 00:00:00,Nook,660fe8a86f3688dd93b36678,['660feb0a6f3688dd93b44357'],completed,
6613e4e59ee42a92eca13425,660ed8a0d1b3e162abf04ccc,Backend Development Bootcamp,2024-01-04 00:00:00,2024-01-08 00:00:00,Sanctuary,660fe8a86f3688dd93b36689,['660feb0a6f3688dd93b44357'],completed,
6613e4e59ee42a92eca13426,6612820b9ee42a92ec2a0f20,"Server-side programming languages (e.g., Node.js, Django, Flask)",2024-01-05 00:00:00,2024-01-05 00:00:00,Oasis,660feb0a6f3688dd93b442e6,['660feb0a6f3688dd93b44333'],completed,
6613e4e59ee42a92eca13427,6612820b9ee42a92ec2a0f04,Agile methodologies,2024-01-08 00:00:00,2024-01-11 00:00:00,Haven,660fe8a86f3688dd93b36686,['660feb0a6f3688dd93b44380'],completed,
6613e4e59ee42a92eca13428,6612820b9ee42a92ec2a0f05,Continuous integration/continuous deployment (CI/CD),2024-01-07 00:00:00,2024-01-09 00:00:00,Haven,660feb0a6f3688dd93b442c2,['660feb0a6f3688dd93b44388'],completed,
6613e4e59ee42a92eca13429,6612820b9ee42a92ec2a0f46,Data preprocessing techniques,2024-01-01 00:00:00,2024-01-08 00:00:00,Oasis,660feb0a6f3688dd93b442c0,['660feb0a6f3688dd93b44355'],completed,
6613e4e59ee42a92eca1342a,6612820b9ee42a92ec2a0f2c,"Big data technologies (e.g., Hadoop, Spark)",2024-01-02 00:00:00,2024-01-05 00:00:00,Den,660feb0a6f3688dd93b442ca,['660feb0a6f3688dd93b44380'],completed,
6613e4e59ee42a92eca1342b,6612820b9ee42a92ec2a0f2f,Database optimization,2024-01-03 00:00:00,2024-01-07 00:00:00,Oasis,660feb0a6f3688dd93b442cf,['660feb0a6f3688dd93b44333'],completed,
6613e4e59ee42a92eca1342c,6612820b9ee42a92ec2a0f2f,Database optimization,2024-01-02 00:00:00,2024-01-02 00:00:00,Sanctuary,660feb0a6f3688dd93b442da,['660feb0a6f3688dd93b44388'],completed,
6613e4e59ee42a92eca1342d,6612820b9ee42a92ec2a0f2c,"Big data technologies (e.g., Hadoop, Spark)",2024-01-06 00:00:00,2024-01-06 00:00:00,Den,660fe8a86f3688dd93b36683,['660feb0a6f3688dd93b44380'],completed,
6613e4e59ee42a92eca1342e,6612820b9ee42a92ec2a0f2f,Database optimization,2024-01-06 00:00:00,2024-01-12 00:00:00,Sanctuary,660feb0a6f3688dd93b442dd,['660feb0a6f3688dd93b44355'],completed,
6613e4e59ee42a92eca1342f,6612820b9ee42a92ec2a0f47,Feature engineering,2024-01-06 00:00:00,2024-01-08 00:00:00,Den,660feb0a6f3688dd93b442e7,['660feb0a6f3688dd93b44380'],completed,
6613e4e59ee42a92eca13430,660ed8a9d1b3e162abf04cce,Cloud Computing Fundamentals,2024-01-01 00:00:00,2024-01-05 00:00:00,Sanctuary,660feb0a6f3688dd93b442c9,['660feb0a6f3688dd93b4433e'],completed,
6613e4e59ee42a92eca13431,6612820b9ee42a92ec2a0f16,Prototyping,2024-01-03 00:00:00,2024-01-09 00:00:00,Oasis,660feb0a6f3688dd93b442d8,['660feb0a6f3688dd93b44380'],completed,
6613e4e59ee42a92eca13432,6612820b9ee42a92ec2a0f3f,Robotic process automation (RPA),2024-01-02 00:00:00,2024-01-08 00:00:00,Hideaway,660fe8a86f3688dd93b36695,['660feb0a6f3688dd93b44388'],completed,
6613e4e59ee42a92eca13433,6612820b9ee42a92ec2a0f02,Design patterns,2024-01-06 00:00:00,2024-01-13 00:00:00,Den,660fe8a86f3688dd93b3668f,['660feb0a6f3688dd93b44333'],completed,
6613e4e59ee42a92eca13434,6612820b9ee42a92ec2a0f3c,"Scripting languages (e.g., Python, Bash)",2024-01-04 00:00:00,2024-01-06 00:00:00,Haven,660feb0a6f3688dd93b442e5,['660feb0a6f3688dd93b4432c'],completed,
6613e4e59ee42a92eca13435,6612820b9ee42a92ec2a0f3f,Robotic process automation (RPA),2024-01-02 00:00:00,2024-01-07 00:00:00,Cosy Corner,660feb0a6f3688dd93b442d1,['660feb0a6f3688dd93b4432c'],completed,
6613e4e59ee42a92eca13436,6612820b9ee42a92ec2a0f09,Code review best practices,2024-01-05 00:00:00,2024-01-06 00:00:00,Haven,660feb0a6f3688dd93b442c9,['660feb0a6f3688dd93b44380'],completed,
6613e4e59ee42a92eca13437,6612820b9ee42a92ec2a0f04,Agile methodologies,2024-01-08 00:00:00,2024-01-14 00:00:00,Den,660fe8a86f3688dd93b3667c,['660feb0a6f3688dd93b44357'],completed,
6613e4e59ee42a92eca13438,6612820b9ee42a92ec2a0f30,Data governance,2024-01-04 00:00:00,2024-01-06 00:00:00,Oasis,660fe8a86f3688dd93b36694,['660feb0a6f3688dd93b44380'],completed,
6613e4e59ee42a92eca13439,6612820b9ee42a92ec2a0f46,Data preprocessing techniques,2024-01-08 00:00:00,2024-01-11 00:00:00,Nook,660fe8a86f3688dd93b3667e,['660feb0a6f3688dd93b44333'],completed,
6613e4e59ee42a92eca1343a,6612820b9ee42a92ec2a0f38,Time series analysis,2024-01-07 00:00:00,2024-01-13 00:00:00,Oasis,660feb0a6f3688dd93b442e8,['660feb0a6f3688dd93b4432c'],completed,
6613e4e59ee42a92eca1343b,660ed895d1b3e162abf04cca,UI/UX Design Essentials,2024-01-05 00:00:00,2024-01-08 00:00:00,Tardis,660fe8a86f3688dd93b36682,['660feb0a6f3688dd93b4433e'],completed,
6613e4e59ee42a92eca1343c,6612820b9ee42a92ec2a0f3a,Data mining techniques,2024-01-03 00:00:00,2024-01-10 00:00:00,Retreat,660fe8a86f3688dd93b36691,['660feb0a6f3688dd93b44388'],completed,
6613e4e59ee42a92eca1343d,6612820b9ee42a92ec2a0f1b,Responsive web design,2024-01-03 00:00:00,2024-01-04 00:00:00,Hideaway,660feb0a6f3688dd93b442da,['660feb0a6f3688dd93b4432c'],completed,
6613e4e59ee42a92eca1343e,6612820b9ee42a92ec2a0f10,Scalability and elasticity,2024-01-03 00:00:00,2024-01-03 00:00:00,Cozy Cove,660feb0a6f3688dd93b442d3,['660feb0a6f3688dd93b443c3'],completed,
6613e4e59ee42a92eca1343f,6612820b9ee42a92ec2a0f2b,Data warehouses,2024-01-01 00:00:00,2024-01-05 00:00:00,Oasis,660fe8a86f3688dd93b3668a,['660feb0a6f3688dd93b44388'],completed,
6613e4e59ee42a92eca13440,6612820b9ee42a92ec2a0f0f,Cloud security best practices,2024-01-04 00:00:00,2024-01-08 00:00:00,Sanctuary,660fe8a86f3688dd93b3667b,['660feb0a6f3688dd93b44333'],completed,
6613e4e59ee42a92eca13441,660ed945d1b3e162abf04cd2,Data Analytics Bootcamp,2024-01-02 00:00:00,2024-01-06 00:00:00,Cozy Cove,660fe8a86f3688dd93b36698,['660feb0a6f3688dd93b4433e'],completed,
6613e4e59ee42a92eca13442,6612820b9ee42a92ec2a0f14,User research,2024-01-02 00:00:00,2024-01-09 00:00:00,Hideaway,660feb0a6f3688dd93b442c1,['660feb0a6f3688dd93b4432c'],completed,
6613e4e59ee42a92eca13443,6612820b9ee42a92ec2a0f32,Data visualization techniques,2024-01-02 00:00:00,2024-01-09 00:00:00,Hideaway,660fe8a86f3688dd93b36683,['660feb0a6f3688dd93b44380'],completed,
6613e4e59ee42a92eca13444,6612820b9ee42a92ec2a0f1d,Interaction design,2024-01-01 00:00:00,2024-01-04 00:00:00,Tardis,660feb0a6f3688dd93b442d7,['660feb0a6f3688dd93b44333'],completed,
6613e4e59ee42a92eca13445,6612820b9ee42a92ec2a0f2e,Data streaming,2024-01-03 00:00:00,2024-01-09 00:00:00,Haven,660feb0a6f3688dd93b442da,['660feb0a6f3688dd93b44380'],completed,
6613e4e59ee42a92eca13446,6612820b9ee42a92ec2a0f3e,Continuous testing,2024-01-04 00:00:00,2024-01-04 00:00:00,Tardis,660fe8a86f3688dd93b3669c,['660feb0a6f3688dd93b44312'],completed,
6613e4e59ee42a92eca13447,6612820b9ee42a92ec2a0f2d,Real-time data processing,2024-01-06 00:00:00,2024-01-09 00:00:00,Cosy Corner,660feb0a6f3688dd93b442f9,['660feb0a6f3688dd93b4432c'],completed,
6613e4e59ee42a92eca13448,6612820b9ee42a92ec2a0f37,Natural language processing (NLP),2024-01-06 00:00:00,2024-01-13 00:00:00,Cosy Corner,660fe8a86f3688dd93b3668c,['660feb0a6f3688dd93b443c3'],completed,
6613e4e59ee42a92eca13449,6612820b9ee42a92ec2a0f21,"Web server technologies (e.g., Apache, Nginx)",2024-01-05 00:00:00,2024-01-10 00:00:00,Haven,660feb0a6f3688dd93b442fb,['660feb0a6f3688dd93b44357'],completed,
6613e4e59ee42a92eca1344a,6612820b9ee42a92ec2a0f1f,"Database management systems (e.g., SQL, NoSQL)",2024-01-01 00:00:00,2024-01-05 00:00:00,Haven,660feb0a6f3688dd93b442cc,['660feb0a6f3688dd93b44380'],completed,
6613e4e59ee42a92eca1344b,660ed929d1b3e162abf04cd0,Data Engineering Essentials,2024-01-05 00:00:00,2024-01-10 00:00:00,Sanctuary,660feb0a6f3688dd93b442eb,['660feb0a6f3688dd93b44380'],completed,
6613e4e59ee42a92eca1344c,6612820b9ee42a92ec2a0f3b,A/B testing methodologies,2024-01-08 00:00:00,2024-01-09 00:00:00,Cozy Cove,660feb0a6f3688dd93b442d5,['660feb0a6f3688dd93b44355'],completed,
6613e4e59ee42a92eca1344d,6612820b9ee42a92ec2a0f3f,Robotic process automation (RPA),2024-01-08 00:00:00,2024-01-14 00:00:00,Haven,660feb0a6f3688dd93b442ee,['660feb0a6f3688dd93b44357'],completed,
6613e4e59ee42a92eca1344e,6612820b9ee42a92ec2a0f11,Cloud migration strategies,2024-01-01 00:00:00,2024-01-05 00:00:00,Den,660feb0a6f3688dd93b442d0,['660feb0a6f3688dd93b4433e'],completed,
6613e4e59ee42a92eca1344f,6612820b9ee42a92ec2a0f13,Monitoring and logging in cloud environments,2024-01-02 00:00:00,2024-01-03 00:00:00,Nook,660feb0a6f3688dd93b442c5,['660feb0a6f3688dd93b443c3'],completed,
6613e4e59ee42a92eca13450,6612820b9ee42a92ec2a0f47,Feature engineering,2024-01-04 00:00:00,2024-01-07 00:00:00,Den,660feb0a6f3688dd93b442e1,['660feb0a6f3688dd93b44355'],completed,
6613e4e59ee42a92eca13451,660ed8a9d1b3e162abf04cce,Cloud Computing Fundamentals,2024-01-06 00:00:00,2024-01-08 00:00:00,Haven,660feb0a6f3688dd93b442f8,['660feb0a6f3688dd93b44380'],completed,
6613e6b49ee42a92eca1c3c7,6612820b9ee42a92ec2a0f37,Natural language processing (NLP),2024-04-01 00:00:00,2024-04-05 00:00:00,Oasis,660feb0a6f3688dd93b44339,['660feb0a6f3688dd93b44312'],completed,
6613e6b49ee42a92eca1c3c8,6612820b9ee42a92ec2a0f03,Software testing,2024-04-02 00:00:00,2024-04-06 00:00:00,Tardis,660feb0a6f3688dd93b4431a,['660feb0a6f3688dd93b443c3'],completed,
6613e6b49ee42a92eca1c3c9,6612820b9ee42a92ec2a0f46,Data preprocessing techniques,2024-04-06 00:00:00,2024-04-10 00:00:00,Sanctuary,660feb0a6f3688dd93b4435b,['660feb0a6f3688dd93b443c3'],completed,
6613e6b49ee42a92eca1c3ca,6612820b9ee42a92ec2a0f02,Design patterns,2024-04-08 00:00:00,2024-04-13 00:00:00,Tardis,660feb0a6f3688dd93b4435a,['660feb0a6f3688dd93b44357'],completed,
6613e6b49ee42a92eca1c3cb,6612820b9ee42a92ec2a0f2d,Real-time data processing,2024-04-08 00:00:00,2024-04-14 00:00:00,Hideaway,660feb0a6f3688dd93b44339,['660feb0a6f3688dd93b44312'],completed,
6613e6b49ee42a92eca1c3cc,6612820b9ee42a92ec2a0f03,Software testing,2024-04-05 00:00:00,2024-04-05 00:00:00,Haven,660feb0a6f3688dd93b4430c,['660feb0a6f3688dd93b4432c'],completed,
6613e6b49ee42a92eca1c3cd,6612820b9ee42a92ec2a0f21,"Web server technologies (e.g., Apache, Nginx)",2024-04-04 00:00:00,2024-04-07 00:00:00,Nook,660feb0a6f3688dd93b44351,['660feb0a6f3688dd93b44380'],completed,
6613e6b49ee42a92eca1c3ce,660ed8a9d1b3e162abf04cce,Cloud Computing Fundamentals,2024-04-08 00:00:00,2024-04-11 00:00:00,Cozy Cove,660feb0a6f3688dd93b44339,['660feb0a6f3688dd93b44333'],completed,
6613e6b49ee42a92eca1c3cf,6612820b9ee42a92ec2a0f35,Predictive analytics,2024-04-04 00:00:00,2024-04-05 00:00:00,Nook,660feb0a6f3688dd93b44339,['660feb0a6f3688dd93b44355'],completed,
6613e6b49ee42a92eca1c3d0,6612820b9ee42a92ec2a0f0b,"Cloud deployment models (Public, Private, Hybrid, Multi-cloud)",2024-04-05 00:00:00,2024-04-12 00:00:00,Oasis,660feb0a6f3688dd93b44348,['660feb0a6f3688dd93b44380'],completed,
6613e6b49ee42a92eca1c3d1,6612820b9ee42a92ec2a0f36,Machine learning algorithms,2024-04-06 00:00:00,2024-04-08 00:00:00,Cosy Corner,660feb0a6f3688dd93b44354,['660feb0a6f3688dd93b4433e'],completed,
6613e6b49ee42a92eca1c3d2,6612820b9ee42a92ec2a0f39,Data storytelling,2024-04-08 00:00:00,2024-04-14 00:00:00,Cozy Cove,660feb0a6f3688dd93b44341,['660feb0a6f3688dd93b44333'],completed,
6613e6b49ee42a92eca1c3d3,6612820b9ee42a92ec2a0f03,Software testing,2024-04-01 00:00:00,2024-04-04 00:00:00,Cozy Cove,660feb0a6f3688dd93b44348,['660feb0a6f3688dd93b443c3'],completed,
6613e6b49ee42a92eca1c3d4,6612820b9ee42a92ec2a0f2e,Data streaming,2024-04-05 00:00:00,2024-04-06 00:00:00,Cozy Cove,660feb0a6f3688dd93b44307,['660feb0a6f3688dd93b44333'],completed,
6613e6b49ee42a92eca1c3d5,6612820b9ee42a92ec2a0f40,Automated deployment pipelines,2024-04-08 00:00:00,2024-04-11 00:00:00,Cozy Cove,660feb0a6f3688dd93b44337,['660feb0a6f3688dd93b44357'],completed,
6613e6b49ee42a92eca1c3d6,6612820b9ee42a92ec2a0f2d,Real-time data processing,2024-04-03 00:00:00,2024-04-04 00:00:00,Hideaway,660feb0a6f3688dd93b44330,['660feb0a6f3688dd93b44380'],completed,
6613e6b49ee42a92eca1c3d7,6612820b9ee42a92ec2a0f45,Automated documentation generation,2024-04-06 00:00:00,2024-04-08 00:00:00,Retreat,660feb0a6f3688dd93b44311,['660feb0a6f3688dd93b44333'],completed,
6613e6b49ee42a92eca1c3d8,6612820b9ee42a92ec2a0f02,Design patterns,2024-04-06 00:00:00,2024-04-10 00:00:00,Sanctuary,660feb0a6f3688dd93b4431a,['660feb0a6f3688dd93b44380'],completed,
6613e6b49ee42a92eca1c3d9,6612820b9ee42a92ec2a0f0d,Serverless computing,2024-04-06 00:00:00,2024-04-11 00:00:00,Retreat,660feb0a6f3688dd93b44325,['660feb0a6f3688dd93b4433e'],completed,
6613e6b49ee42a92eca1c3da,6612820b9ee42a92ec2a0f23,Authentication and authorization,2024-04-08 00:00:00,2024-04-08 00:00:00,Oasis,660feb0a6f3688dd93b44330,['660feb0a6f3688dd93b44388'],completed,
6614e25611f054e6a1b1b6ec,6612820b9ee42a92ec2a0f02,Design patterns,2024-04-09 10:00:00,2024-04-09 17:00:00,Aurum,660fe8a86f3688dd93b36678,"['660feb0a6f3688dd93b44372', '660feb0a6f3688dd93b4430d', '660feb0a6f3688dd93b4433b']",completed,
6614e25611f054e6a1b1b6ed,6612820b9ee42a92ec2a0f02,Design patterns,2024-04-09 10:00:00,2024-04-09 17:00:00,Aurum,660fe8a86f3688dd93b36680,"['660feb0a6f3688dd93b44372', '660feb0a6f3688dd93b4430d', '660feb0a6f3688dd93b4433b']",completed,
6614e25611f054e6a1b1b6ee,6612820b9ee42a92ec2a0f02,Design patterns,2024-04-09 10:00:00,2024-04-09 17:00:00,Aurum,660fe8a86f3688dd93b3667e,"['660feb0a6f3688dd93b44372', '660feb0a6f3688dd93b4430d', '660feb0a6f3688dd93b4433b']",completed,
6614e25611f054e6a1b1b6ef,6612820b9ee42a92ec2a0f02,Design patterns,2024-04-09 10:00:00,2024-04-09 17:00:00,Aurum,660fe8a86f3688dd93b3667a,"['660feb0a6f3688dd93b44372', '660feb0a6f3688dd93b4430d', '660feb0a6f3688dd93b4433b']",completed,
6614e25611f054e6a1b1b6f0,6612820b9ee42a92ec2a0f02,Design patterns,2024-04-09 10:00:00,2024-04-09 17:00:00,Aurum,660fe8a86f3688dd93b36679,"['660feb0a6f3688dd93b44372', '660feb0a6f3688dd93b4430d', '660feb0a6f3688dd93b4433b']",completed,
6614e25611f054e6a1b1b6f1,6612820b9ee42a92ec2a0f02,Design patterns,2024-04-09 10:00:00,2024-04-09 17:00:00,Aurum,660fe8a86f3688dd93b3667b,"['660feb0a6f3688dd93b44372', '660feb0a6f3688dd93b4430d', '660feb0a6f3688dd93b4433b']",completed,
6614e25611f054e6a1b1b6f2,6612820b9ee42a92ec2a0f02,Design patterns,2024-04-09 10:00:00,2024-04-09 17:00:00,Aurum,660fe8a86f3688dd93b3667c,"['660feb0a6f3688dd93b44372', '660feb0a6f3688dd93b4430d', '660feb0a6f3688dd93b4433b']",completed,
6614e25611f054e6a1b1b6f3,6612820b9ee42a92ec2a0f02,Design patterns,2024-04-09 10:00:00,2024-04-09 17:00:00,Aurum,660fe8a86f3688dd93b3667d,"['660feb0a6f3688dd93b44372', '660feb0a6f3688dd93b4430d', '660feb0a6f3688dd93b4433b']",completed,
6614e25611f054e6a1b1b6f4,6612820b9ee42a92ec2a0f02,Design patterns,2024-04-09 10:00:00,2024-04-09 17:00:00,Aurum,660fe8a86f3688dd93b3667f,"['660feb0a6f3688dd93b44372', '660feb0a6f3688dd93b4430d', '660feb0a6f3688dd93b4433b']",completed,
6614e25611f054e6a1b1b6f5,6612820b9ee42a92ec2a0f02,Design patterns,2024-04-09 10:00:00,2024-04-09 17:00:00,Aurum,660fe8a86f3688dd93b36681,"['660feb0a6f3688dd93b44372', '660feb0a6f3688dd93b4430d', '660feb0a6f3688dd93b4433b']",completed,
6614e25611f054e6a1b1b6f6,6612820b9ee42a92ec2a0f02,Design patterns,2024-04-09 10:00:00,2024-04-09 17:00:00,Aurum,660fe8a86f3688dd93b36682,"['660feb0a6f3688dd93b44372', '660feb0a6f3688dd93b4430d', '660feb0a6f3688dd93b4433b']",completed,
6614e25611f054e6a1b1b6f7,6612820b9ee42a92ec2a0f02,Design patterns,2024-04-09 10:00:00,2024-04-09 17:00:00,Aurum,660fe8a86f3688dd93b36688,"['660feb0a6f3688dd93b44372', '660feb0a6f3688dd93b4430d', '660feb0a6f3688dd93b4433b']",completed,
6614e25611f054e6a1b1b6f8,6612820b9ee42a92ec2a0f02,Design patterns,2024-04-09 10:00:00,2024-04-09 17:00:00,Aurum,660fe8a86f3688dd93b3668d,"['660feb0a6f3688dd93b44372', '660feb0a6f3688dd93b4430d', '660feb0a6f3688dd93b4433b']",completed,
6614e25611f054e6a1b1b6f9,6612820b9ee42a92ec2a0f02,Design patterns,2024-04-09 10:00:00,2024-04-09 17:00:00,Aurum,660fe8a86f3688dd93b3668f,"['660feb0a6f3688dd93b44372', '660feb0a6f3688dd93b4430d', '660feb0a6f3688dd93b4433b']",completed,
6614e25611f054e6a1b1b6fa,6612820b9ee42a92ec2a0f02,Design patterns,2024-04-09 10:00:00,2024-04-09 17:00:00,Aurum,660fe8a86f3688dd93b36690,"['660feb0a6f3688dd93b44372', '660feb0a6f3688dd93b4430d', '660feb0a6f3688dd93b4433b']",completed,
6614e25711f054e6a1b1b6fb,6612820b9ee42a92ec2a0f02,Design patterns,2024-04-09 10:00:00,2024-04-09 17:00:00,Aurum,660fe8a86f3688dd93b36691,"['660feb0a6f3688dd93b44372', '660feb0a6f3688dd93b4430d', '660feb0a6f3688dd93b4433b']",completed,
6614e25711f054e6a1b1b6fc,6612820b9ee42a92ec2a0f02,Design patterns,2024-04-09 10:00:00,2024-04-09 17:00:00,Aurum,660fe8a86f3688dd93b36692,"['660feb0a6f3688dd93b44372', '660feb0a6f3688dd93b4430d', '660feb0a6f3688dd93b4433b']",completed,
6614e25711f054e6a1b1b6fd,6612820b9ee42a92ec2a0f02,Design patterns,2024-04-09 10:00:00,2024-04-09 17:00:00,Aurum,660fe8a86f3688dd93b36695,"['660feb0a6f3688dd93b44372', '660feb0a6f3688dd93b4430d', '660feb0a6f3688dd93b4433b']",completed,
6614e25711f054e6a1b1b6fe,6612820b9ee42a92ec2a0f02,Design patterns,2024-04-09 10:00:00,2024-04-09 17:00:00,Aurum,660fe8a86f3688dd93b36698,"['660feb0a6f3688dd93b44372', '660feb0a6f3688dd93b4430d', '660feb0a6f3688dd93b4433b']",completed,
6614e25711f054e6a1b1b6ff,6612820b9ee42a92ec2a0f02,Design patterns,2024-04-09 10:00:00,2024-04-09 17:00:00,Aurum,660fe8a86f3688dd93b36699,"['660feb0a6f3688dd93b44372', '660feb0a6f3688dd93b4430d', '660feb0a6f3688dd93b4433b']",completed,
6614e25711f054e6a1b1b700,6612820b9ee42a92ec2a0f02,Design patterns,2024-04-09 10:00:00,2024-04-09 17:00:00,Aurum,660fe8a86f3688dd93b3669a,"['660feb0a6f3688dd93b44372', '660feb0a6f3688dd93b4430d', '660feb0a6f3688dd93b4433b']",completed,
6614e25711f054e6a1b1b701,6612820b9ee42a92ec2a0f02,Design patterns,2024-04-09 10:00:00,2024-04-09 17:00:00,Aurum,660fe8a86f3688dd93b36685,"['660feb0a6f3688dd93b44372', '660feb0a6f3688dd93b4430d', '660feb0a6f3688dd93b4433b']",completed,
6614e25711f054e6a1b1b702,6612820b9ee42a92ec2a0f02,Design patterns,2024-04-09 10:00:00,2024-04-09 17:00:00,Aurum,660fe8a86f3688dd93b36686,"['660feb0a6f3688dd93b44372', '660feb0a6f3688dd93b4430d', '660feb0a6f3688dd93b4433b']",completed,
6614e25711f054e6a1b1b703,6612820b9ee42a92ec2a0f02,Design patterns,2024-04-09 10:00:00,2024-04-09 17:00:00,Aurum,660fe8a86f3688dd93b36689,"['660feb0a6f3688dd93b44372', '660feb0a6f3688dd93b4430d', '660feb0a6f3688dd93b4433b']",completed,
6614e25711f054e6a1b1b704,6612820b9ee42a92ec2a0f02,Design patterns,2024-04-09 10:00:00,2024-04-09 17:00:00,Aurum,660fe8a86f3688dd93b3668a,"['660feb0a6f3688dd93b44372', '660feb0a6f3688dd93b4430d', '660feb0a6f3688dd93b4433b']",completed,
6614e25711f054e6a1b1b705,6612820b9ee42a92ec2a0f02,Design patterns,2024-04-09 10:00:00,2024-04-09 17:00:00,Aurum,660fe8a86f3688dd93b3668b,"['660feb0a6f3688dd93b44372', '660feb0a6f3688dd93b4430d', '660feb0a6f3688dd93b4433b']",completed,
6614e25711f054e6a1b1b706,6612820b9ee42a92ec2a0f02,Design patterns,2024-04-09 10:00:00,2024-04-09 17:00:00,Aurum,660fe8a86f3688dd93b3668e,"['660feb0a6f3688dd93b44372', '660feb0a6f3688dd93b4430d', '660feb0a6f3688dd93b4433b']",completed,
6614e25711f054e6a1b1b707,6612820b9ee42a92ec2a0f02,Design patterns,2024-04-09 10:00:00,2024-04-09 17:00:00,Aurum,660fe8a86f3688dd93b36696,"['660feb0a6f3688dd93b44372', '660feb0a6f3688dd93b4430d', '660feb0a6f3688dd93b4433b']",completed,
6614e25711f054e6a1b1b708,6612820b9ee42a92ec2a0f02,Design patterns,2024-04-09 10:00:00,2024-04-09 17:00:00,Aurum,660fe8a86f3688dd93b36684,"['660feb0a6f3688dd93b44372', '660feb0a6f3688dd93b4430d', '660feb0a6f3688dd93b4433b']",completed,
6614e25711f054e6a1b1b709,6612820b9ee42a92ec2a0f02,Design patterns,2024-04-09 10:00:00,2024-04-09 17:00:00,Aurum,660fe8a86f3688dd93b36693,"['660feb0a6f3688dd93b44372', '660feb0a6f3688dd93b4430d', '660feb0a6f3688dd93b4433b']",completed,
6614e25711f054e6a1b1b70a,6612820b9ee42a92ec2a0f02,Design patterns,2024-04-09 10:00:00,2024-04-09 17:00:00,Aurum,660fe8a86f3688dd93b36697,"['660feb0a6f3688dd93b44372', '660feb0a6f3688dd93b4430d', '660feb0a6f3688dd93b4433b']",completed,
6614e25711f054e6a1b1b70b,6612820b9ee42a92ec2a0f02,Design patterns,2024-04-09 10:00:00,2024-04-09 17:00:00,Aurum,660fe8a86f3688dd93b3669b,"['660feb0a6f3688dd93b44372', '660feb0a6f3688dd93b4430d', '660feb0a6f3688dd93b4433b']",completed,
6614e25711f054e6a1b1b70c,6612820b9ee42a92ec2a0f02,Design patterns,2024-04-09 10:00:00,2024-04-09 17:00:00,Aurum,660fe8a86f3688dd93b36683,"['660feb0a6f3688dd93b44372', '660feb0a6f3688dd93b4430d', '660feb0a6f3688dd93b4433b']",completed,
6614e25711f054e6a1b1b70d,6612820b9ee42a92ec2a0f02,Design patterns,2024-04-09 10:00:00,2024-04-09 17:00:00,Aurum,660fe8a86f3688dd93b36687,"['660feb0a6f3688dd93b44372', '660feb0a6f3688dd93b4430d', '660feb0a6f3688dd93b4433b']",completed,
6614e25711f054e6a1b1b70e,6612820b9ee42a92ec2a0f02,Design patterns,2024-04-09 10:00:00,2024-04-09 17:00:00,Aurum,660fe8a86f3688dd93b3668c,"['660feb0a6f3688dd93b44372', '660feb0a6f3688dd93b4430d', '660feb0a6f3688dd93b4433b']",completed,
6614e25711f054e6a1b1b70f,6612820b9ee42a92ec2a0f02,Design patterns,2024-04-09 10:00:00,2024-04-09 17:00:00,Aurum,660fe8a86f3688dd93b36694,"['660feb0a6f3688dd93b44372', '660feb0a6f3688dd93b4430d', '660feb0a6f3688dd93b4433b']",completed,
6614e25811f054e6a1b1b710,6612820b9ee42a92ec2a0f02,Design patterns,2024-04-09 10:00:00,2024-04-09 17:00:00,Aurum,660fe8a86f3688dd93b3669c,"['660feb0a6f3688dd93b44372', '660feb0a6f3688dd93b4430d', '660feb0a6f3688dd93b4433b']",completed,
6614e25811f054e6a1b1b711,6612820b9ee42a92ec2a0f02,Design patterns,2024-04-09 10:00:00,2024-04-09 17:00:00,Aurum,660feb0a6f3688dd93b442ca,"['660feb0a6f3688dd93b44372', '660feb0a6f3688dd93b4430d', '660feb0a6f3688dd93b4433b']",completed,
6614e25811f054e6a1b1b712,6612820b9ee42a92ec2a0f02,Design patterns,2024-04-09 10:00:00,2024-04-09 17:00:00,Aurum,660feb0a6f3688dd93b442c3,"['660feb0a6f3688dd93b44372', '660feb0a6f3688dd93b4430d', '660feb0a6f3688dd93b4433b']",completed,
6614e25811f054e6a1b1b713,6612820b9ee42a92ec2a0f02,Design patterns,2024-04-09 10:00:00,2024-04-09 17:00:00,Aurum,660feb0a6f3688dd93b442cb,"['660feb0a6f3688dd93b44372', '660feb0a6f3688dd93b4430d', '660feb0a6f3688dd93b4433b']",completed,
6614e25811f054e6a1b1b714,6612820b9ee42a92ec2a0f02,Design patterns,2024-04-09 10:00:00,2024-04-09 17:00:00,Aurum,660feb0a6f3688dd93b442cc,"['660feb0a6f3688dd93b44372', '660feb0a6f3688dd93b4430d', '660feb0a6f3688dd93b4433b']",completed,
6614e25811f054e6a1b1b715,6612820b9ee42a92ec2a0f02,Design patterns,2024-04-09 10:00:00,2024-04-09 17:00:00,Aurum,660feb0a6f3688dd93b442d4,"['660feb0a6f3688dd93b44372', '660feb0a6f3688dd93b4430d', '660feb0a6f3688dd93b4433b']",completed,
6614e25811f054e6a1b1b716,6612820b9ee42a92ec2a0f02,Design patterns,2024-04-09 10:00:00,2024-04-09 17:00:00,Aurum,660feb0a6f3688dd93b442d7,"['660feb0a6f3688dd93b44372', '660feb0a6f3688dd93b4430d', '660feb0a6f3688dd93b4433b']",completed,
6614e25811f054e6a1b1b717,6612820b9ee42a92ec2a0f02,Design patterns,2024-04-09 10:00:00,2024-04-09 17:00:00,Aurum,660feb0a6f3688dd93b442dc,"['660feb0a6f3688dd93b44372', '660feb0a6f3688dd93b4430d', '660feb0a6f3688dd93b4433b']",completed,
6614e25811f054e6a1b1b718,6612820b9ee42a92ec2a0f02,Design patterns,2024-04-09 10:00:00,2024-04-09 17:00:00,Aurum,660feb0a6f3688dd93b442dd,"['660feb0a6f3688dd93b44372', '660feb0a6f3688dd93b4430d', '660feb0a6f3688dd93b4433b']",completed,
6614e25811f054e6a1b1b719,6612820b9ee42a92ec2a0f02,Design patterns,2024-04-09 10:00:00,2024-04-09 17:00:00,Aurum,660feb0a6f3688dd93b442e1,"['660feb0a6f3688dd93b44372', '660feb0a6f3688dd93b4430d', '660feb0a6f3688dd93b4433b']",completed,
6614e25811f054e6a1b1b71a,6612820b9ee42a92ec2a0f02,Design patterns,2024-04-09 10:00:00,2024-04-09 17:00:00,Aurum,660feb0a6f3688dd93b442e7,"['660feb0a6f3688dd93b44372', '660feb0a6f3688dd93b4430d', '660feb0a6f3688dd93b4433b']",completed,
6614e25811f054e6a1b1b71b,6612820b9ee42a92ec2a0f02,Design patterns,2024-04-09 10:00:00,2024-04-09 17:00:00,Aurum,660feb0a6f3688dd93b442f2,"['660feb0a6f3688dd93b44372', '660feb0a6f3688dd93b4430d', '660feb0a6f3688dd93b4433b']",completed,
6614e25811f054e6a1b1b71c,6612820b9ee42a92ec2a0f02,Design patterns,2024-04-09 10:00:00,2024-04-09 17:00:00,Aurum,660feb0a6f3688dd93b442f4,"['660feb0a6f3688dd93b44372', '660feb0a6f3688dd93b4430d', '660feb0a6f3688dd93b4433b']",completed,
6614e25811f054e6a1b1b71d,6612820b9ee42a92ec2a0f02,Design patterns,2024-04-09 10:00:00,2024-04-09 17:00:00,Aurum,660feb0a6f3688dd93b442fa,"['660feb0a6f3688dd93b44372', '660feb0a6f3688dd93b4430d', '660feb0a6f3688dd93b4433b']",completed,
6614e25811f054e6a1b1b71e,6612820b9ee42a92ec2a0f02,Design patterns,2024-04-09 10:00:00,2024-04-09 17:00:00,Aurum,660feb0a6f3688dd93b442ce,"['660feb0a6f3688dd93b44372', '660feb0a6f3688dd93b4430d', '660feb0a6f3688dd93b4433b']",completed,
6614e25911f054e6a1b1b71f,6612820b9ee42a92ec2a0f02,Design patterns,2024-04-09 10:00:00,2024-04-09 17:00:00,Aurum,660feb0a6f3688dd93b442d0,"['660feb0a6f3688dd93b44372', '660feb0a6f3688dd93b4430d', '660feb0a6f3688dd93b4433b']",completed,
6614e25911f054e6a1b1b720,6612820b9ee42a92ec2a0f02,Design patterns,2024-04-09 10:00:00,2024-04-09 17:00:00,Aurum,660feb0a6f3688dd93b442df,"['660feb0a6f3688dd93b44372', '660feb0a6f3688dd93b4430d', '660feb0a6f3688dd93b4433b']",completed,
6614e25911f054e6a1b1b721,6612820b9ee42a92ec2a0f02,Design patterns,2024-04-09 10:00:00,2024-04-09 17:00:00,Aurum,660feb0a6f3688dd93b442e3,"['660feb0a6f3688dd93b44372', '660feb0a6f3688dd93b4430d', '660feb0a6f3688dd93b4433b']",completed,
6614e25911f054e6a1b1b722,6612820b9ee42a92ec2a0f02,Design patterns,2024-04-09 10:00:00,2024-04-09 17:00:00,Aurum,660feb0a6f3688dd93b442e5,"['660feb0a6f3688dd93b44372', '660feb0a6f3688dd93b4430d', '660feb0a6f3688dd93b4433b']",completed,
6614e25911f054e6a1b1b723,6612820b9ee42a92ec2a0f02,Design patterns,2024-04-09 10:00:00,2024-04-09 17:00:00,Aurum,660feb0a6f3688dd93b442e6,"['660feb0a6f3688dd93b44372', '660feb0a6f3688dd93b4430d', '660feb0a6f3688dd93b4433b']",completed,
6614e25911f054e6a1b1b724,6612820b9ee42a92ec2a0f02,Design patterns,2024-04-09 10:00:00,2024-04-09 17:00:00,Aurum,660feb0a6f3688dd93b442ec,"['660feb0a6f3688dd93b44372', '660feb0a6f3688dd93b4430d', '660feb0a6f3688dd93b4433b']",completed,
6614e25911f054e6a1b1b725,6612820b9ee42a92ec2a0f02,Design patterns,2024-04-09 10:00:00,2024-04-09 17:00:00,Aurum,660feb0a6f3688dd93b442ed,"['660feb0a6f3688dd93b44372', '660feb0a6f3688dd93b4430d', '660feb0a6f3688dd93b4433b']",completed,
6614e25911f054e6a1b1b726,6612820b9ee42a92ec2a0f02,Design patterns,2024-04-09 10:00:00,2024-04-09 17:00:00,Aurum,660feb0a6f3688dd93b442ef,"['660feb0a6f3688dd93b44372', '660feb0a6f3688dd93b4430d', '660feb0a6f3688dd93b4433b']",completed,
6614e25911f054e6a1b1b727,6612820b9ee42a92ec2a0f02,Design patterns,2024-04-09 10:00:00,2024-04-09 17:00:00,Aurum,660feb0a6f3688dd93b442f0,"['660feb0a6f3688dd93b44372', '660feb0a6f3688dd93b4430d', '660feb0a6f3688dd93b4433b']",completed,
6614e25911f054e6a1b1b728,6612820b9ee42a92ec2a0f02,Design patterns,2024-04-09 10:00:00,2024-04-09 17:00:00,Aurum,660feb0a6f3688dd93b442f7,"['660feb0a6f3688dd93b44372', '660feb0a6f3688dd93b4430d', '660feb0a6f3688dd93b4433b']",completed,
6614e25911f054e6a1b1b729,6612820b9ee42a92ec2a0f02,Design patterns,2024-04-09 10:00:00,2024-04-09 17:00:00,Aurum,660feb0a6f3688dd93b442fd,"['660feb0a6f3688dd93b44372', '660feb0a6f3688dd93b4430d', '660feb0a6f3688dd93b4433b']",completed,
6614e25911f054e6a1b1b72a,6612820b9ee42a92ec2a0f02,Design patterns,2024-04-09 10:00:00,2024-04-09 17:00:00,Aurum,660feb0a6f3688dd93b442c0,"['660feb0a6f3688dd93b44372', '660feb0a6f3688dd93b4430d', '660feb0a6f3688dd93b4433b']",completed,
6614e25911f054e6a1b1b72b,6612820b9ee42a92ec2a0f02,Design patterns,2024-04-09 10:00:00,2024-04-09 17:00:00,Aurum,660feb0a6f3688dd93b442c2,"['660feb0a6f3688dd93b44372', '660feb0a6f3688dd93b4430d', '660feb0a6f3688dd93b4433b']",completed,
6614e25911f054e6a1b1b72c,6612820b9ee42a92ec2a0f02,Design patterns,2024-04-09 10:00:00,2024-04-09 17:00:00,Aurum,660feb0a6f3688dd93b442c5,"['660feb0a6f3688dd93b44372', '660feb0a6f3688dd93b4430d', '660feb0a6f3688dd93b4433b']",completed,
6614e25911f054e6a1b1b72d,6612820b9ee42a92ec2a0f02,Design patterns,2024-04-09 10:00:00,2024-04-09 17:00:00,Aurum,660feb0a6f3688dd93b442cf,"['660feb0a6f3688dd93b44372', '660feb0a6f3688dd93b4430d', '660feb0a6f3688dd93b4433b']",completed,
6614e25911f054e6a1b1b72e,6612820b9ee42a92ec2a0f02,Design patterns,2024-04-09 10:00:00,2024-04-09 17:00:00,Aurum,660feb0a6f3688dd93b442d2,"['660feb0a6f3688dd93b44372', '660feb0a6f3688dd93b4430d', '660feb0a6f3688dd93b4433b']",completed,
6614e25a11f054e6a1b1b72f,6612820b9ee42a92ec2a0f02,Design patterns,2024-04-09 10:00:00,2024-04-09 17:00:00,Aurum,660feb0a6f3688dd93b442d3,"['660feb0a6f3688dd93b44372', '660feb0a6f3688dd93b4430d', '660feb0a6f3688dd93b4433b']",completed,
6614e25a11f054e6a1b1b730,6612820b9ee42a92ec2a0f02,Design patterns,2024-04-09 10:00:00,2024-04-09 17:00:00,Aurum,660feb0a6f3688dd93b442d6,"['660feb0a6f3688dd93b44372', '660feb0a6f3688dd93b4430d', '660feb0a6f3688dd93b4433b']",completed,
6614e25a11f054e6a1b1b731,6612820b9ee42a92ec2a0f02,Design patterns,2024-04-09 10:00:00,2024-04-09 17:00:00,Aurum,660feb0a6f3688dd93b442d9,"['660feb0a6f3688dd93b44372', '660feb0a6f3688dd93b4430d', '660feb0a6f3688dd93b4433b']",completed,
6614e25a11f054e6a1b1b732,6612820b9ee42a92ec2a0f02,Design patterns,2024-04-09 10:00:00,2024-04-09 17:00:00,Aurum,660feb0a6f3688dd93b442da,"['660feb0a6f3688dd93b44372', '660feb0a6f3688dd93b4430d', '660feb0a6f3688dd93b4433b']",completed,
6614e25a11f054e6a1b1b733,6612820b9ee42a92ec2a0f02,Design patterns,2024-04-09 10:00:00,2024-04-09 17:00:00,Aurum,660feb0a6f3688dd93b442e2,"['660feb0a6f3688dd93b44372', '660feb0a6f3688dd93b4430d', '660feb0a6f3688dd93b4433b']",completed,
6614e25a11f054e6a1b1b734,6612820b9ee42a92ec2a0f02,Design patterns,2024-04-09 10:00:00,2024-04-09 17:00:00,Aurum,660feb0a6f3688dd93b442f3,"['660feb0a6f3688dd93b44372', '660feb0a6f3688dd93b4430d', '660feb0a6f3688dd93b4433b']",completed,
6614e25a11f054e6a1b1b735,6612820b9ee42a92ec2a0f02,Design patterns,2024-04-09 10:00:00,2024-04-09 17:00:00,Aurum,660feb0a6f3688dd93b442f5,"['660feb0a6f3688dd93b44372', '660feb0a6f3688dd93b4430d', '660feb0a6f3688dd93b4433b']",completed,
6614e25a11f054e6a1b1b736,6612820b9ee42a92ec2a0f02,Design patterns,2024-04-09 10:00:00,2024-04-09 17:00:00,Aurum,660feb0a6f3688dd93b442f8,"['660feb0a6f3688dd93b44372', '660feb0a6f3688dd93b4430d', '660feb0a6f3688dd93b4433b']",completed,
6614e25a11f054e6a1b1b737,6612820b9ee42a92ec2a0f02,Design patterns,2024-04-09 10:00:00,2024-04-09 17:00:00,Aurum,660feb0a6f3688dd93b442f9,"['660feb0a6f3688dd93b44372', '660feb0a6f3688dd93b4430d', '660feb0a6f3688dd93b4433b']",completed,
6614e25a11f054e6a1b1b738,6612820b9ee42a92ec2a0f02,Design patterns,2024-04-09 10:00:00,2024-04-09 17:00:00,Aurum,660feb0a6f3688dd93b442fc,"['660feb0a6f3688dd93b44372', '660feb0a6f3688dd93b4430d', '660feb0a6f3688dd93b4433b']",completed,
6614e25a11f054e6a1b1b739,6612820b9ee42a92ec2a0f02,Design patterns,2024-04-09 10:00:00,2024-04-09 17:00:00,Aurum,660feb0a6f3688dd93b442c1,"['660feb0a6f3688dd93b44372', '660feb0a6f3688dd93b4430d', '660feb0a6f3688dd93b4433b']",completed,
6614e25a11f054e6a1b1b73a,6612820b9ee42a92ec2a0f02,Design patterns,2024-04-09 10:00:00,2024-04-09 17:00:00,Aurum,660feb0a6f3688dd93b442c4,"['660feb0a6f3688dd93b44372', '660feb0a6f3688dd93b4430d', '660feb0a6f3688dd93b4433b']",completed,
6614e25a11f054e6a1b1b73b,6612820b9ee42a92ec2a0f02,Design patterns,2024-04-09 10:00:00,2024-04-09 17:00:00,Aurum,660feb0a6f3688dd93b442c6,"['660feb0a6f3688dd93b44372', '660feb0a6f3688dd93b4430d', '660feb0a6f3688dd93b4433b']",completed,
6614e25a11f054e6a1b1b73c,6612820b9ee42a92ec2a0f02,Design patterns,2024-04-09 10:00:00,2024-04-09 17:00:00,Aurum,660feb0a6f3688dd93b442c7,"['660feb0a6f3688dd93b44372', '660feb0a6f3688dd93b4430d', '660feb0a6f3688dd93b4433b']",completed,
6614e25a11f054e6a1b1b73d,6612820b9ee42a92ec2a0f02,Design patterns,2024-04-09 10:00:00,2024-04-09 17:00:00,Aurum,660feb0a6f3688dd93b442c8,"['660feb0a6f3688dd93b44372', '660feb0a6f3688dd93b4430d', '660feb0a6f3688dd93b4433b']",completed,
6614e25b11f054e6a1b1b73e,6612820b9ee42a92ec2a0f02,Design patterns,2024-04-09 10:00:00,2024-04-09 17:00:00,Aurum,660feb0a6f3688dd93b442c9,"['660feb0a6f3688dd93b44372', '660feb0a6f3688dd93b4430d', '660feb0a6f3688dd93b4433b']",completed,
6614e25b11f054e6a1b1b73f,6612820b9ee42a92ec2a0f02,Design patterns,2024-04-09 10:00:00,2024-04-09 17:00:00,Aurum,660feb0a6f3688dd93b442cd,"['660feb0a6f3688dd93b44372', '660feb0a6f3688dd93b4430d', '660feb0a6f3688dd93b4433b']",completed,
6614e25b11f054e6a1b1b740,6612820b9ee42a92ec2a0f02,Design patterns,2024-04-09 10:00:00,2024-04-09 17:00:00,Aurum,660feb0a6f3688dd93b442d1,"['660feb0a6f3688dd93b44372', '660feb0a6f3688dd93b4430d', '660feb0a6f3688dd93b4433b']",completed,
6614e25b11f054e6a1b1b741,6612820b9ee42a92ec2a0f02,Design patterns,2024-04-09 10:00:00,2024-04-09 17:00:00,Aurum,660feb0a6f3688dd93b442d5,"['660feb0a6f3688dd93b44372', '660feb0a6f3688dd93b4430d', '660feb0a6f3688dd93b4433b']",completed,
6614e25b11f054e6a1b1b742,6612820b9ee42a92ec2a0f02,Design patterns,2024-04-09 10:00:00,2024-04-09 17:00:00,Aurum,660feb0a6f3688dd93b442d8,"['660feb0a6f3688dd93b44372', '660feb0a6f3688dd93b4430d', '660feb0a6f3688dd93b4433b']",completed,
6614e25b11f054e6a1b1b743,6612820b9ee42a92ec2a0f02,Design patterns,2024-04-09 10:00:00,2024-04-09 17:00:00,Aurum,660feb0a6f3688dd93b442db,"['660feb0a6f3688dd93b44372', '660feb0a6f3688dd93b4430d', '660feb0a6f3688dd93b4433b']",completed,
6614e25b11f054e6a1b1b744,6612820b9ee42a92ec2a0f02,Design patterns,2024-04-09 10:00:00,2024-04-09 17:00:00,Aurum,660feb0a6f3688dd93b442de,"['660feb0a6f3688dd93b44372', '660feb0a6f3688dd93b4430d', '660feb0a6f3688dd93b4433b']",completed,
6614e25b11f054e6a1b1b745,6612820b9ee42a92ec2a0f02,Design patterns,2024-04-09 10:00:00,2024-04-09 17:00:00,Aurum,660feb0a6f3688dd93b442e0,"['660feb0a6f3688dd93b44372', '660feb0a6f3688dd93b4430d', '660feb0a6f3688dd93b4433b']",completed,
6614e25b11f054e6a1b1b746,6612820b9ee42a92ec2a0f02,Design patterns,2024-04-09 10:00:00,2024-04-09 17:00:00,Aurum,660feb0a6f3688dd93b442e4,"['660feb0a6f3688dd93b44372', '660feb0a6f3688dd93b4430d', '660feb0a6f3688dd93b4433b']",completed,
6614e25b11f054e6a1b1b747,6612820b9ee42a92ec2a0f02,Design patterns,2024-04-09 10:00:00,2024-04-09 17:00:00,Aurum,660feb0a6f3688dd93b442e8,"['660feb0a6f3688dd93b44372', '660feb0a6f3688dd93b4430d', '660feb0a6f3688dd93b4433b']",completed,
6614e25b11f054e6a1b1b748,6612820b9ee42a92ec2a0f02,Design patterns,2024-04-09 10:00:00,2024-04-09 17:00:00,Aurum,660feb0a6f3688dd93b442e9,"['660feb0a6f3688dd93b44372', '660feb0a6f3688dd93b4430d', '660feb0a6f3688dd93b4433b']",completed,
6614e25b11f054e6a1b1b749,6612820b9ee42a92ec2a0f02,Design patterns,2024-04-09 10:00:00,2024-04-09 17:00:00,Aurum,660feb0a6f3688dd93b442ea,"['660feb0a6f3688dd93b44372', '660feb0a6f3688dd93b4430d', '660feb0a6f3688dd93b4433b']",completed,
6614e25b11f054e6a1b1b74a,6612820b9ee42a92ec2a0f02,Design patterns,2024-04-09 10:00:00,2024-04-09 17:00:00,Aurum,660feb0a6f3688dd93b442eb,"['660feb0a6f3688dd93b44372', '660feb0a6f3688dd93b4430d', '660feb0a6f3688dd93b4433b']",completed,
6614e25b11f054e6a1b1b74b,6612820b9ee42a92ec2a0f02,Design patterns,2024-04-09 10:00:00,2024-04-09 17:00:00,Aurum,660feb0a6f3688dd93b442ee,"['660feb0a6f3688dd93b44372', '660feb0a6f3688dd93b4430d', '660feb0a6f3688dd93b4433b']",completed,
6614e25b11f054e6a1b1b74c,6612820b9ee42a92ec2a0f02,Design patterns,2024-04-09 10:00:00,2024-04-09 17:00:00,Aurum,660feb0a6f3688dd93b442f1,"['660feb0a6f3688dd93b44372', '660feb0a6f3688dd93b4430d', '660feb0a6f3688dd93b4433b']",completed,
6614e25b11f054e6a1b1b74d,6612820b9ee42a92ec2a0f02,Design patterns,2024-04-09 10:00:00,2024-04-09 17:00:00,Aurum,660feb0a6f3688dd93b442f6,"['660feb0a6f3688dd93b44372', '660feb0a6f3688dd93b4430d', '660feb0a6f3688dd93b4433b']",completed,
6614e25b11f054e6a1b1b74e,6612820b9ee42a92ec2a0f02,Design patterns,2024-04-09 10:00:00,2024-04-09 17:00:00,Aurum,660feb0a6f3688dd93b442fb,"['660feb0a6f3688dd93b44372', '660feb0a6f3688dd93b4430d', '660feb0a6f3688dd93b4433b']",completed,
6614e25b11f054e6a1b1b74f,6612820b9ee42a92ec2a0f02,Design patterns,2024-04-09 10:00:00,2024-04-09 17:00:00,Aurum,661224230ccdccd17b1e084c,"['660feb0a6f3688dd93b44372', '660feb0a6f3688dd93b4430d', '660feb0a6f3688dd93b4433b']",completed,
6614e25b11f054e6a1b1b750,6612820b9ee42a92ec2a0f02,Design patterns,2024-04-09 10:00:00,2024-04-09 17:00:00,Aurum,6613726b575d5b967ace46b4,"['660feb0a6f3688dd93b44372', '660feb0a6f3688dd93b4430d', '660feb0a6f3688dd93b4433b']",completed,
66162344e50718065889523a,6612820b9ee42a92ec2a0f05,Continuous integration/continuous deployment (CI/CD),2024-04-10 10:00:00,2024-04-10 17:00:00,Aurum,660fe8a86f3688dd93b36678,['660feb0a6f3688dd93b44386'],completed,
66162344e50718065889523b,6612820b9ee42a92ec2a0f05,Continuous integration/continuous deployment (CI/CD),2024-04-10 10:00:00,2024-04-10 17:00:00,Aurum,660fe8a86f3688dd93b36680,['660feb0a6f3688dd93b44386'],completed,
66162344e50718065889523c,6612820b9ee42a92ec2a0f05,Continuous integration/continuous deployment (CI/CD),2024-04-10 10:00:00,2024-04-10 17:00:00,Aurum,660fe8a86f3688dd93b3667e,['660feb0a6f3688dd93b44386'],completed,
66162344e50718065889523d,6612820b9ee42a92ec2a0f05,Continuous integration/continuous deployment (CI/CD),2024-04-10 10:00:00,2024-04-10 17:00:00,Aurum,660fe8a86f3688dd93b3667a,['660feb0a6f3688dd93b44386'],completed,
66162344e50718065889523e,6612820b9ee42a92ec2a0f05,Continuous integration/continuous deployment (CI/CD),2024-04-10 10:00:00,2024-04-10 17:00:00,Aurum,660fe8a86f3688dd93b36679,['660feb0a6f3688dd93b44386'],completed,
66162344e50718065889523f,6612820b9ee42a92ec2a0f05,Continuous integration/continuous deployment (CI/CD),2024-04-10 10:00:00,2024-04-10 17:00:00,Aurum,660fe8a86f3688dd93b3667b,['660feb0a6f3688dd93b44386'],completed,
66162344e507180658895240,6612820b9ee42a92ec2a0f05,Continuous integration/continuous deployment (CI/CD),2024-04-10 10:00:00,2024-04-10 17:00:00,Aurum,660fe8a86f3688dd93b3667c,['660feb0a6f3688dd93b44386'],completed,
66162344e507180658895241,6612820b9ee42a92ec2a0f05,Continuous integration/continuous deployment (CI/CD),2024-04-10 10:00:00,2024-04-10 17:00:00,Aurum,660fe8a86f3688dd93b3667d,['660feb0a6f3688dd93b44386'],completed,
66162344e507180658895242,6612820b9ee42a92ec2a0f05,Continuous integration/continuous deployment (CI/CD),2024-04-10 10:00:00,2024-04-10 17:00:00,Aurum,660fe8a86f3688dd93b3667f,['660feb0a6f3688dd93b44386'],completed,
66162344e507180658895243,6612820b9ee42a92ec2a0f05,Continuous integration/continuous deployment (CI/CD),2024-04-10 10:00:00,2024-04-10 17:00:00,Aurum,660fe8a86f3688dd93b36681,['660feb0a6f3688dd93b44386'],completed,
66162344e507180658895244,6612820b9ee42a92ec2a0f05,Continuous integration/continuous deployment (CI/CD),2024-04-10 10:00:00,2024-04-10 17:00:00,Aurum,660fe8a86f3688dd93b36682,['660feb0a6f3688dd93b44386'],completed,
66162344e507180658895245,6612820b9ee42a92ec2a0f05,Continuous integration/continuous deployment (CI/CD),2024-04-10 10:00:00,2024-04-10 17:00:00,Aurum,660fe8a86f3688dd93b36688,['660feb0a6f3688dd93b44386'],completed,
66162344e507180658895246,6612820b9ee42a92ec2a0f05,Continuous integration/continuous deployment (CI/CD),2024-04-10 10:00:00,2024-04-10 17:00:00,Aurum,660fe8a86f3688dd93b3668d,['660feb0a6f3688dd93b44386'],completed,
66162344e507180658895247,6612820b9ee42a92ec2a0f05,Continuous integration/continuous deployment (CI/CD),2024-04-10 10:00:00,2024-04-10 17:00:00,Aurum,660fe8a86f3688dd93b3668f,['660feb0a6f3688dd93b44386'],completed,
66162344e507180658895248,6612820b9ee42a92ec2a0f05,Continuous integration/continuous deployment (CI/CD),2024-04-10 10:00:00,2024-04-10 17:00:00,Aurum,660fe8a86f3688dd93b36690,['660feb0a6f3688dd93b44386'],completed,
66162344e507180658895249,6612820b9ee42a92ec2a0f05,Continuous integration/continuous deployment (CI/CD),2024-04-10 10:00:00,2024-04-10 17:00:00,Aurum,660fe8a86f3688dd93b36691,['660feb0a6f3688dd93b44386'],completed,
66162344e50718065889524a,6612820b9ee42a92ec2a0f05,Continuous integration/continuous deployment (CI/CD),2024-04-10 10:00:00,2024-04-10 17:00:00,Aurum,660fe8a86f3688dd93b36692,['660feb0a6f3688dd93b44386'],completed,
66162344e50718065889524b,6612820b9ee42a92ec2a0f05,Continuous integration/continuous deployment (CI/CD),2024-04-10 10:00:00,2024-04-10 17:00:00,Aurum,660fe8a86f3688dd93b36695,['660feb0a6f3688dd93b44386'],completed,
66162344e50718065889524c,6612820b9ee42a92ec2a0f05,Continuous integration/continuous deployment (CI/CD),2024-04-10 10:00:00,2024-04-10 17:00:00,Aurum,660fe8a86f3688dd93b36698,['660feb0a6f3688dd93b44386'],completed,
66162344e50718065889524d,6612820b9ee42a92ec2a0f05,Continuous integration/continuous deployment (CI/CD),2024-04-10 10:00:00,2024-04-10 17:00:00,Aurum,660fe8a86f3688dd93b36699,['660feb0a6f3688dd93b44386'],completed,
66162344e50718065889524e,6612820b9ee42a92ec2a0f05,Continuous integration/continuous deployment (CI/CD),2024-04-10 10:00:00,2024-04-10 17:00:00,Aurum,660fe8a86f3688dd93b3669a,['660feb0a6f3688dd93b44386'],completed,
66162344e50718065889524f,6612820b9ee42a92ec2a0f05,Continuous integration/continuous deployment (CI/CD),2024-04-10 10:00:00,2024-04-10 17:00:00,Aurum,660fe8a86f3688dd93b36685,['660feb0a6f3688dd93b44386'],completed,
66162344e507180658895250,6612820b9ee42a92ec2a0f05,Continuous integration/continuous deployment (CI/CD),2024-04-10 10:00:00,2024-04-10 17:00:00,Aurum,660fe8a86f3688dd93b36686,['660feb0a6f3688dd93b44386'],completed,
66162344e507180658895251,6612820b9ee42a92ec2a0f05,Continuous integration/continuous deployment (CI/CD),2024-04-10 10:00:00,2024-04-10 17:00:00,Aurum,660fe8a86f3688dd93b36689,['660feb0a6f3688dd93b44386'],completed,
66162344e507180658895252,6612820b9ee42a92ec2a0f05,Continuous integration/continuous deployment (CI/CD),2024-04-10 10:00:00,2024-04-10 17:00:00,Aurum,660fe8a86f3688dd93b3668a,['660feb0a6f3688dd93b44386'],completed,
66162344e507180658895253,6612820b9ee42a92ec2a0f05,Continuous integration/continuous deployment (CI/CD),2024-04-10 10:00:00,2024-04-10 17:00:00,Aurum,660fe8a86f3688dd93b3668b,['660feb0a6f3688dd93b44386'],completed,
66162344e507180658895254,6612820b9ee42a92ec2a0f05,Continuous integration/continuous deployment (CI/CD),2024-04-10 10:00:00,2024-04-10 17:00:00,Aurum,660fe8a86f3688dd93b3668e,['660feb0a6f3688dd93b44386'],completed,
66162345e507180658895255,6612820b9ee42a92ec2a0f05,Continuous integration/continuous deployment (CI/CD),2024-04-10 10:00:00,2024-04-10 17:00:00,Aurum,660fe8a86f3688dd93b36696,['660feb0a6f3688dd93b44386'],completed,
66162345e507180658895256,6612820b9ee42a92ec2a0f05,Continuous integration/continuous deployment (CI/CD),2024-04-10 10:00:00,2024-04-10 17:00:00,Aurum,660fe8a86f3688dd93b36684,['660feb0a6f3688dd93b44386'],completed,
66162345e507180658895257,6612820b9ee42a92ec2a0f05,Continuous integration/continuous deployment (CI/CD),2024-04-10 10:00:00,2024-04-10 17:00:00,Aurum,660fe8a86f3688dd93b36693,['660feb0a6f3688dd93b44386'],completed,
66162345e507180658895258,6612820b9ee42a92ec2a0f05,Continuous integration/continuous deployment (CI/CD),2024-04-10 10:00:00,2024-04-10 17:00:00,Aurum,660fe8a86f3688dd93b36697,['660feb0a6f3688dd93b44386'],completed,
66162345e507180658895259,6612820b9ee42a92ec2a0f05,Continuous integration/continuous deployment (CI/CD),2024-04-10 10:00:00,2024-04-10 17:00:00,Aurum,660fe8a86f3688dd93b3669b,['660feb0a6f3688dd93b44386'],completed,
66162345e50718065889525a,6612820b9ee42a92ec2a0f05,Continuous integration/continuous deployment (CI/CD),2024-04-10 10:00:00,2024-04-10 17:00:00,Aurum,660fe8a86f3688dd93b36683,['660feb0a6f3688dd93b44386'],completed,
66162345e50718065889525b,6612820b9ee42a92ec2a0f05,Continuous integration/continuous deployment (CI/CD),2024-04-10 10:00:00,2024-04-10 17:00:00,Aurum,660fe8a86f3688dd93b36687,['660feb0a6f3688dd93b44386'],completed,
66162345e50718065889525c,6612820b9ee42a92ec2a0f05,Continuous integration/continuous deployment (CI/CD),2024-04-10 10:00:00,2024-04-10 17:00:00,Aurum,660fe8a86f3688dd93b3668c,['660feb0a6f3688dd93b44386'],completed,
66162345e50718065889525d,6612820b9ee42a92ec2a0f05,Continuous integration/continuous deployment (CI/CD),2024-04-10 10:00:00,2024-04-10 17:00:00,Aurum,660fe8a86f3688dd93b36694,['660feb0a6f3688dd93b44386'],completed,
66162345e50718065889525e,6612820b9ee42a92ec2a0f05,Continuous integration/continuous deployment (CI/CD),2024-04-10 10:00:00,2024-04-10 17:00:00,Aurum,660fe8a86f3688dd93b3669c,['660feb0a6f3688dd93b44386'],completed,
66162345e50718065889525f,6612820b9ee42a92ec2a0f05,Continuous integration/continuous deployment (CI/CD),2024-04-10 10:00:00,2024-04-10 17:00:00,Aurum,660feb0a6f3688dd93b442ca,['660feb0a6f3688dd93b44386'],completed,
66162345e507180658895260,6612820b9ee42a92ec2a0f05,Continuous integration/continuous deployment (CI/CD),2024-04-10 10:00:00,2024-04-10 17:00:00,Aurum,660feb0a6f3688dd93b442c3,['660feb0a6f3688dd93b44386'],completed,
66162345e507180658895261,6612820b9ee42a92ec2a0f05,Continuous integration/continuous deployment (CI/CD),2024-04-10 10:00:00,2024-04-10 17:00:00,Aurum,660feb0a6f3688dd93b442cb,['660feb0a6f3688dd93b44386'],completed,
66162345e507180658895262,6612820b9ee42a92ec2a0f05,Continuous integration/continuous deployment (CI/CD),2024-04-10 10:00:00,2024-04-10 17:00:00,Aurum,660feb0a6f3688dd93b442cc,['660feb0a6f3688dd93b44386'],completed,
66162345e507180658895263,6612820b9ee42a92ec2a0f05,Continuous integration/continuous deployment (CI/CD),2024-04-10 10:00:00,2024-04-10 17:00:00,Aurum,660feb0a6f3688dd93b442d4,['660feb0a6f3688dd93b44386'],completed,
66162345e507180658895264,6612820b9ee42a92ec2a0f05,Continuous integration/continuous deployment (CI/CD),2024-04-10 10:00:00,2024-04-10 17:00:00,Aurum,660feb0a6f3688dd93b442d7,['660feb0a6f3688dd93b44386'],completed,
66162345e507180658895265,6612820b9ee42a92ec2a0f05,Continuous integration/continuous deployment (CI/CD),2024-04-10 10:00:00,2024-04-10 17:00:00,Aurum,660feb0a6f3688dd93b442dc,['660feb0a6f3688dd93b44386'],completed,
66162345e507180658895266,6612820b9ee42a92ec2a0f05,Continuous integration/continuous deployment (CI/CD),2024-04-10 10:00:00,2024-04-10 17:00:00,Aurum,660feb0a6f3688dd93b442dd,['660feb0a6f3688dd93b44386'],completed,
66162345e507180658895267,6612820b9ee42a92ec2a0f05,Continuous integration/continuous deployment (CI/CD),2024-04-10 10:00:00,2024-04-10 17:00:00,Aurum,660feb0a6f3688dd93b442e1,['660feb0a6f3688dd93b44386'],completed,
66162345e507180658895268,6612820b9ee42a92ec2a0f05,Continuous integration/continuous deployment (CI/CD),2024-04-10 10:00:00,2024-04-10 17:00:00,Aurum,660feb0a6f3688dd93b442e7,['660feb0a6f3688dd93b44386'],completed,
66162345e507180658895269,6612820b9ee42a92ec2a0f05,Continuous integration/continuous deployment (CI/CD),2024-04-10 10:00:00,2024-04-10 17:00:00,Aurum,660feb0a6f3688dd93b442f2,['660feb0a6f3688dd93b44386'],completed,
66162345e50718065889526a,6612820b9ee42a92ec2a0f05,Continuous integration/continuous deployment (CI/CD),2024-04-10 10:00:00,2024-04-10 17:00:00,Aurum,660feb0a6f3688dd93b442f4,['660feb0a6f3688dd93b44386'],completed,
66162345e50718065889526b,6612820b9ee42a92ec2a0f05,Continuous integration/continuous deployment (CI/CD),2024-04-10 10:00:00,2024-04-10 17:00:00,Aurum,660feb0a6f3688dd93b442fa,['660feb0a6f3688dd93b44386'],completed,
66162345e50718065889526c,6612820b9ee42a92ec2a0f05,Continuous integration/continuous deployment (CI/CD),2024-04-10 10:00:00,2024-04-10 17:00:00,Aurum,660feb0a6f3688dd93b442ce,['660feb0a6f3688dd93b44386'],completed,
66162345e50718065889526d,6612820b9ee42a92ec2a0f05,Continuous integration/continuous deployment (CI/CD),2024-04-10 10:00:00,2024-04-10 17:00:00,Aurum,660feb0a6f3688dd93b442d0,['660feb0a6f3688dd93b44386'],completed,
66162345e50718065889526e,6612820b9ee42a92ec2a0f05,Continuous integration/continuous deployment (CI/CD),2024-04-10 10:00:00,2024-04-10 17:00:00,Aurum,660feb0a6f3688dd93b442df,['660feb0a6f3688dd93b44386'],completed,
66162345e50718065889526f,6612820b9ee42a92ec2a0f05,Continuous integration/continuous deployment (CI/CD),2024-04-10 10:00:00,2024-04-10 17:00:00,Aurum,660feb0a6f3688dd93b442e3,['660feb0a6f3688dd93b44386'],completed,
66162345e507180658895270,6612820b9ee42a92ec2a0f05,Continuous integration/continuous deployment (CI/CD),2024-04-10 10:00:00,2024-04-10 17:00:00,Aurum,660feb0a6f3688dd93b442e5,['660feb0a6f3688dd93b44386'],completed,
66162345e507180658895271,6612820b9ee42a92ec2a0f05,Continuous integration/continuous deployment (CI/CD),2024-04-10 10:00:00,2024-04-10 17:00:00,Aurum,660feb0a6f3688dd93b442e6,['660feb0a6f3688dd93b44386'],completed,
66162345e507180658895272,6612820b9ee42a92ec2a0f05,Continuous integration/continuous deployment (CI/CD),2024-04-10 10:00:00,2024-04-10 17:00:00,Aurum,660feb0a6f3688dd93b442ec,['660feb0a6f3688dd93b44386'],completed,
66162345e507180658895273,6612820b9ee42a92ec2a0f05,Continuous integration/continuous deployment (CI/CD),2024-04-10 10:00:00,2024-04-10 17:00:00,Aurum,660feb0a6f3688dd93b442ed,['660feb0a6f3688dd93b44386'],completed,
66162345e507180658895274,6612820b9ee42a92ec2a0f05,Continuous integration/continuous deployment (CI/CD),2024-04-10 10:00:00,2024-04-10 17:00:00,Aurum,660feb0a6f3688dd93b442ef,['660feb0a6f3688dd93b44386'],completed,
66162345e507180658895275,6612820b9ee42a92ec2a0f05,Continuous integration/continuous deployment (CI/CD),2024-04-10 10:00:00,2024-04-10 17:00:00,Aurum,660feb0a6f3688dd93b442f0,['660feb0a6f3688dd93b44386'],completed,
66162345e507180658895276,6612820b9ee42a92ec2a0f05,Continuous integration/continuous deployment (CI/CD),2024-04-10 10:00:00,2024-04-10 17:00:00,Aurum,660feb0a6f3688dd93b442f7,['660feb0a6f3688dd93b44386'],completed,
66162345e507180658895277,6612820b9ee42a92ec2a0f05,Continuous integration/continuous deployment (CI/CD),2024-04-10 10:00:00,2024-04-10 17:00:00,Aurum,660feb0a6f3688dd93b442fd,['660feb0a6f3688dd93b44386'],completed,
66162345e507180658895278,6612820b9ee42a92ec2a0f05,Continuous integration/continuous deployment (CI/CD),2024-04-10 10:00:00,2024-04-10 17:00:00,Aurum,660feb0a6f3688dd93b442c0,['660feb0a6f3688dd93b44386'],completed,
66162345e507180658895279,6612820b9ee42a92ec2a0f05,Continuous integration/continuous deployment (CI/CD),2024-04-10 10:00:00,2024-04-10 17:00:00,Aurum,660feb0a6f3688dd93b442c2,['660feb0a6f3688dd93b44386'],completed,
66162345e50718065889527a,6612820b9ee42a92ec2a0f05,Continuous integration/continuous deployment (CI/CD),2024-04-10 10:00:00,2024-04-10 17:00:00,Aurum,660feb0a6f3688dd93b442c5,['660feb0a6f3688dd93b44386'],completed,
66162345e50718065889527b,6612820b9ee42a92ec2a0f05,Continuous integration/continuous deployment (CI/CD),2024-04-10 10:00:00,2024-04-10 17:00:00,Aurum,660feb0a6f3688dd93b442cf,['660feb0a6f3688dd93b44386'],completed,
66162345e50718065889527c,6612820b9ee42a92ec2a0f05,Continuous integration/continuous deployment (CI/CD),2024-04-10 10:00:00,2024-04-10 17:00:00,Aurum,660feb0a6f3688dd93b442d2,['660feb0a6f3688dd93b44386'],completed,
66162345e50718065889527d,6612820b9ee42a92ec2a0f05,Continuous integration/continuous deployment (CI/CD),2024-04-10 10:00:00,2024-04-10 17:00:00,Aurum,660feb0a6f3688dd93b442d3,['660feb0a6f3688dd93b44386'],completed,
66162345e50718065889527e,6612820b9ee42a92ec2a0f05,Continuous integration/continuous deployment (CI/CD),2024-04-10 10:00:00,2024-04-10 17:00:00,Aurum,660feb0a6f3688dd93b442d6,['660feb0a6f3688dd93b44386'],completed,
66162346e50718065889527f,6612820b9ee42a92ec2a0f05,Continuous integration/continuous deployment (CI/CD),2024-04-10 10:00:00,2024-04-10 17:00:00,Aurum,660feb0a6f3688dd93b442d9,['660feb0a6f3688dd93b44386'],completed,
66162346e507180658895280,6612820b9ee42a92ec2a0f05,Continuous integration/continuous deployment (CI/CD),2024-04-10 10:00:00,2024-04-10 17:00:00,Aurum,660feb0a6f3688dd93b442da,['660feb0a6f3688dd93b44386'],completed,
66162346e507180658895281,6612820b9ee42a92ec2a0f05,Continuous integration/continuous deployment (CI/CD),2024-04-10 10:00:00,2024-04-10 17:00:00,Aurum,660feb0a6f3688dd93b442e2,['660feb0a6f3688dd93b44386'],completed,
66162346e507180658895282,6612820b9ee42a92ec2a0f05,Continuous integration/continuous deployment (CI/CD),2024-04-10 10:00:00,2024-04-10 17:00:00,Aurum,660feb0a6f3688dd93b442f3,['660feb0a6f3688dd93b44386'],completed,
66162346e507180658895283,6612820b9ee42a92ec2a0f05,Continuous integration/continuous deployment (CI/CD),2024-04-10 10:00:00,2024-04-10 17:00:00,Aurum,660feb0a6f3688dd93b442f5,['660feb0a6f3688dd93b44386'],completed,
66162346e507180658895284,6612820b9ee42a92ec2a0f05,Continuous integration/continuous deployment (CI/CD),2024-04-10 10:00:00,2024-04-10 17:00:00,Aurum,660feb0a6f3688dd93b442f8,['660feb0a6f3688dd93b44386'],completed,
66162346e507180658895285,6612820b9ee42a92ec2a0f05,Continuous integration/continuous deployment (CI/CD),2024-04-10 10:00:00,2024-04-10 17:00:00,Aurum,660feb0a6f3688dd93b442f9,['660feb0a6f3688dd93b44386'],completed,
66162346e507180658895286,6612820b9ee42a92ec2a0f05,Continuous integration/continuous deployment (CI/CD),2024-04-10 10:00:00,2024-04-10 17:00:00,Aurum,660feb0a6f3688dd93b442fc,['660feb0a6f3688dd93b44386'],completed,
66162346e507180658895287,6612820b9ee42a92ec2a0f05,Continuous integration/continuous deployment (CI/CD),2024-04-10 10:00:00,2024-04-10 17:00:00,Aurum,660feb0a6f3688dd93b442c1,['660feb0a6f3688dd93b44386'],completed,
66162346e507180658895288,6612820b9ee42a92ec2a0f05,Continuous integration/continuous deployment (CI/CD),2024-04-10 10:00:00,2024-04-10 17:00:00,Aurum,660feb0a6f3688dd93b442c4,['660feb0a6f3688dd93b44386'],completed,
66162346e507180658895289,6612820b9ee42a92ec2a0f05,Continuous integration/continuous deployment (CI/CD),2024-04-10 10:00:00,2024-04-10 17:00:00,Aurum,660feb0a6f3688dd93b442c6,['660feb0a6f3688dd93b44386'],completed,
66162346e50718065889528a,6612820b9ee42a92ec2a0f05,Continuous integration/continuous deployment (CI/CD),2024-04-10 10:00:00,2024-04-10 17:00:00,Aurum,660feb0a6f3688dd93b442c7,['660feb0a6f3688dd93b44386'],completed,
66162346e50718065889528b,6612820b9ee42a92ec2a0f05,Continuous integration/continuous deployment (CI/CD),2024-04-10 10:00:00,2024-04-10 17:00:00,Aurum,660feb0a6f3688dd93b442c8,['660feb0a6f3688dd93b44386'],completed,
66162346e50718065889528c,6612820b9ee42a92ec2a0f05,Continuous integration/continuous deployment (CI/CD),2024-04-10 10:00:00,2024-04-10 17:00:00,Aurum,660feb0a6f3688dd93b442c9,['660feb0a6f3688dd93b44386'],pending,
66162346e50718065889528d,6612820b9ee42a92ec2a0f05,Continuous integration/continuous deployment (CI/CD),2024-04-10 10:00:00,2024-04-10 17:00:00,Aurum,660feb0a6f3688dd93b442cd,['660feb0a6f3688dd93b44386'],pending,
66162346e50718065889528e,6612820b9ee42a92ec2a0f05,Continuous integration/continuous deployment (CI/CD),2024-04-10 10:00:00,2024-04-10 17:00:00,Aurum,660feb0a6f3688dd93b442d1,['660feb0a6f3688dd93b44386'],pending,
66162346e50718065889528f,6612820b9ee42a92ec2a0f05,Continuous integration/continuous deployment (CI/CD),2024-04-10 10:00:00,2024-04-10 17:00:00,Aurum,660feb0a6f3688dd93b442d5,['660feb0a6f3688dd93b44386'],pending,
66162346e507180658895290,6612820b9ee42a92ec2a0f05,Continuous integration/continuous deployment (CI/CD),2024-04-10 10:00:00,2024-04-10 17:00:00,Aurum,660feb0a6f3688dd93b442d8,['660feb0a6f3688dd93b44386'],pending,
66162346e507180658895291,6612820b9ee42a92ec2a0f05,Continuous integration/continuous deployment (CI/CD),2024-04-10 10:00:00,2024-04-10 17:00:00,Aurum,660feb0a6f3688dd93b442db,['660feb0a6f3688dd93b44386'],pending,
66162346e507180658895292,6612820b9ee42a92ec2a0f05,Continuous integration/continuous deployment (CI/CD),2024-04-10 10:00:00,2024-04-10 17:00:00,Aurum,660feb0a6f3688dd93b442de,['660feb0a6f3688dd93b44386'],pending,
66162346e507180658895293,6612820b9ee42a92ec2a0f05,Continuous integration/continuous deployment (CI/CD),2024-04-10 10:00:00,2024-04-10 17:00:00,Aurum,660feb0a6f3688dd93b442e0,['660feb0a6f3688dd93b44386'],pending,
66162346e507180658895294,6612820b9ee42a92ec2a0f05,Continuous integration/continuous deployment (CI/CD),2024-04-10 10:00:00,2024-04-10 17:00:00,Aurum,660feb0a6f3688dd93b442e4,['660feb0a6f3688dd93b44386'],pending,
66162346e507180658895295,6612820b9ee42a92ec2a0f05,Continuous integration/continuous deployment (CI/CD),2024-04-10 10:00:00,2024-04-10 17:00:00,Aurum,660feb0a6f3688dd93b442e8,['660feb0a6f3688dd93b44386'],pending,
66162346e507180658895296,6612820b9ee42a92ec2a0f05,Continuous integration/continuous deployment (CI/CD),2024-04-10 10:00:00,2024-04-10 17:00:00,Aurum,660feb0a6f3688dd93b442e9,['660feb0a6f3688dd93b44386'],pending,
66162346e507180658895297,6612820b9ee42a92ec2a0f05,Continuous integration/continuous deployment (CI/CD),2024-04-10 10:00:00,2024-04-10 17:00:00,Aurum,660feb0a6f3688dd93b442ea,['660feb0a6f3688dd93b44386'],pending,
66162346e507180658895298,6612820b9ee42a92ec2a0f05,Continuous integration/continuous deployment (CI/CD),2024-04-10 10:00:00,2024-04-10 17:00:00,Aurum,660feb0a6f3688dd93b442eb,['660feb0a6f3688dd93b44386'],pending,
66162346e507180658895299,6612820b9ee42a92ec2a0f05,Continuous integration/continuous deployment (CI/CD),2024-04-10 10:00:00,2024-04-10 17:00:00,Aurum,660feb0a6f3688dd93b442ee,['660feb0a6f3688dd93b44386'],pending,
66162346e50718065889529a,6612820b9ee42a92ec2a0f05,Continuous integration/continuous deployment (CI/CD),2024-04-10 10:00:00,2024-04-10 17:00:00,Aurum,660feb0a6f3688dd93b442f1,['660feb0a6f3688dd93b44386'],pending,
66162346e50718065889529b,6612820b9ee42a92ec2a0f05,Continuous integration/continuous deployment (CI/CD),2024-04-10 10:00:00,2024-04-10 17:00:00,Aurum,660feb0a6f3688dd93b442f6,['660feb0a6f3688dd93b44386'],pending,
66162346e50718065889529c,6612820b9ee42a92ec2a0f05,Continuous integration/continuous deployment (CI/CD),2024-04-10 10:00:00,2024-04-10 17:00:00,Aurum,660feb0a6f3688dd93b442fb,['660feb0a6f3688dd93b44386'],pending,
66162346e50718065889529d,6612820b9ee42a92ec2a0f05,Continuous integration/continuous deployment (CI/CD),2024-04-10 10:00:00,2024-04-10 17:00:00,Aurum,661224230ccdccd17b1e084c,['660feb0a6f3688dd93b44386'],pending,
66162346e50718065889529e,6612820b9ee42a92ec2a0f05,Continuous integration/continuous deployment (CI/CD),2024-04-10 10:00:00,2024-04-10 17:00:00,Aurum,6613726b575d5b967ace46b4,['660feb0a6f3688dd93b44386'],pending,
66179ebae0f186f80493240a,6612820b9ee42a92ec2a0f06,Version control (Git),2024-04-11 10:00:00,2024-04-11 16:00:00,Aurum,660fe8a86f3688dd93b36678,['660feb0a6f3688dd93b4436f'],completed,
66179ebbe0f186f80493240b,6612820b9ee42a92ec2a0f06,Version control (Git),2024-04-11 10:00:00,2024-04-11 16:00:00,Aurum,660fe8a86f3688dd93b36680,['660feb0a6f3688dd93b4436f'],completed,
66179ebbe0f186f80493240c,6612820b9ee42a92ec2a0f06,Version control (Git),2024-04-11 10:00:00,2024-04-11 16:00:00,Aurum,660fe8a86f3688dd93b3667e,['660feb0a6f3688dd93b4436f'],completed,
66179ebbe0f186f80493240d,6612820b9ee42a92ec2a0f06,Version control (Git),2024-04-11 10:00:00,2024-04-11 16:00:00,Aurum,660fe8a86f3688dd93b3667a,['660feb0a6f3688dd93b4436f'],completed,
66179ebbe0f186f80493240e,6612820b9ee42a92ec2a0f06,Version control (Git),2024-04-11 10:00:00,2024-04-11 16:00:00,Aurum,660fe8a86f3688dd93b36679,['660feb0a6f3688dd93b4436f'],completed,
66179ebbe0f186f80493240f,6612820b9ee42a92ec2a0f06,Version control (Git),2024-04-11 10:00:00,2024-04-11 16:00:00,Aurum,660fe8a86f3688dd93b3667b,['660feb0a6f3688dd93b4436f'],completed,
66179ebbe0f186f804932410,6612820b9ee42a92ec2a0f06,Version control (Git),2024-04-11 10:00:00,2024-04-11 16:00:00,Aurum,660fe8a86f3688dd93b3667c,['660feb0a6f3688dd93b4436f'],completed,
66179ebbe0f186f804932411,6612820b9ee42a92ec2a0f06,Version control (Git),2024-04-11 10:00:00,2024-04-11 16:00:00,Aurum,660fe8a86f3688dd93b3667d,['660feb0a6f3688dd93b4436f'],completed,
66179ebbe0f186f804932412,6612820b9ee42a92ec2a0f06,Version control (Git),2024-04-11 10:00:00,2024-04-11 16:00:00,Aurum,660fe8a86f3688dd93b3667f,['660feb0a6f3688dd93b4436f'],completed,
66179ebbe0f186f804932413,6612820b9ee42a92ec2a0f06,Version control (Git),2024-04-11 10:00:00,2024-04-11 16:00:00,Aurum,660fe8a86f3688dd93b36681,['660feb0a6f3688dd93b4436f'],completed,
66179ebbe0f186f804932414,6612820b9ee42a92ec2a0f06,Version control (Git),2024-04-11 10:00:00,2024-04-11 16:00:00,Aurum,660fe8a86f3688dd93b36682,['660feb0a6f3688dd93b4436f'],completed,
66179ebce0f186f804932415,6612820b9ee42a92ec2a0f06,Version control (Git),2024-04-11 10:00:00,2024-04-11 16:00:00,Aurum,660fe8a86f3688dd93b36688,['660feb0a6f3688dd93b4436f'],completed,
66179ebce0f186f804932416,6612820b9ee42a92ec2a0f06,Version control (Git),2024-04-11 10:00:00,2024-04-11 16:00:00,Aurum,660fe8a86f3688dd93b3668d,['660feb0a6f3688dd93b4436f'],completed,
66179ebce0f186f804932417,6612820b9ee42a92ec2a0f06,Version control (Git),2024-04-11 10:00:00,2024-04-11 16:00:00,Aurum,660fe8a86f3688dd93b3668f,['660feb0a6f3688dd93b4436f'],completed,
66179ebce0f186f804932418,6612820b9ee42a92ec2a0f06,Version control (Git),2024-04-11 10:00:00,2024-04-11 16:00:00,Aurum,660fe8a86f3688dd93b36690,['660feb0a6f3688dd93b4436f'],completed,
66179ebce0f186f804932419,6612820b9ee42a92ec2a0f06,Version control (Git),2024-04-11 10:00:00,2024-04-11 16:00:00,Aurum,660fe8a86f3688dd93b36691,['660feb0a6f3688dd93b4436f'],completed,
66179ebce0f186f80493241a,6612820b9ee42a92ec2a0f06,Version control (Git),2024-04-11 10:00:00,2024-04-11 16:00:00,Aurum,660fe8a86f3688dd93b36692,['660feb0a6f3688dd93b4436f'],completed,
66179ebce0f186f80493241b,6612820b9ee42a92ec2a0f06,Version control (Git),2024-04-11 10:00:00,2024-04-11 16:00:00,Aurum,660fe8a86f3688dd93b36695,['660feb0a6f3688dd93b4436f'],completed,
66179ebce0f186f80493241c,6612820b9ee42a92ec2a0f06,Version control (Git),2024-04-11 10:00:00,2024-04-11 16:00:00,Aurum,660fe8a86f3688dd93b36698,['660feb0a6f3688dd93b4436f'],completed,
66179ebce0f186f80493241d,6612820b9ee42a92ec2a0f06,Version control (Git),2024-04-11 10:00:00,2024-04-11 16:00:00,Aurum,660fe8a86f3688dd93b36699,['660feb0a6f3688dd93b4436f'],completed,
66179ebce0f186f80493241e,6612820b9ee42a92ec2a0f06,Version control (Git),2024-04-11 10:00:00,2024-04-11 16:00:00,Aurum,660fe8a86f3688dd93b3669a,['660feb0a6f3688dd93b4436f'],completed,
66179ebce0f186f80493241f,6612820b9ee42a92ec2a0f06,Version control (Git),2024-04-11 10:00:00,2024-04-11 16:00:00,Aurum,660fe8a86f3688dd93b36685,['660feb0a6f3688dd93b4436f'],completed,
66179ebce0f186f804932420,6612820b9ee42a92ec2a0f06,Version control (Git),2024-04-11 10:00:00,2024-04-11 16:00:00,Aurum,660fe8a86f3688dd93b36686,['660feb0a6f3688dd93b4436f'],completed,
66179ebce0f186f804932421,6612820b9ee42a92ec2a0f06,Version control (Git),2024-04-11 10:00:00,2024-04-11 16:00:00,Aurum,660fe8a86f3688dd93b36689,['660feb0a6f3688dd93b4436f'],completed,
66179ebce0f186f804932422,6612820b9ee42a92ec2a0f06,Version control (Git),2024-04-11 10:00:00,2024-04-11 16:00:00,Aurum,660fe8a86f3688dd93b3668a,['660feb0a6f3688dd93b4436f'],completed,
66179ebde0f186f804932423,6612820b9ee42a92ec2a0f06,Version control (Git),2024-04-11 10:00:00,2024-04-11 16:00:00,Aurum,660fe8a86f3688dd93b3668b,['660feb0a6f3688dd93b4436f'],completed,
66179ebde0f186f804932424,6612820b9ee42a92ec2a0f06,Version control (Git),2024-04-11 10:00:00,2024-04-11 16:00:00,Aurum,660fe8a86f3688dd93b3668e,['660feb0a6f3688dd93b4436f'],completed,
66179ebde0f186f804932425,6612820b9ee42a92ec2a0f06,Version control (Git),2024-04-11 10:00:00,2024-04-11 16:00:00,Aurum,660fe8a86f3688dd93b36696,['660feb0a6f3688dd93b4436f'],completed,
66179ebde0f186f804932426,6612820b9ee42a92ec2a0f06,Version control (Git),2024-04-11 10:00:00,2024-04-11 16:00:00,Aurum,660fe8a86f3688dd93b36684,['660feb0a6f3688dd93b4436f'],completed,
66179ebde0f186f804932427,6612820b9ee42a92ec2a0f06,Version control (Git),2024-04-11 10:00:00,2024-04-11 16:00:00,Aurum,660fe8a86f3688dd93b36693,['660feb0a6f3688dd93b4436f'],completed,
66179ebde0f186f804932428,6612820b9ee42a92ec2a0f06,Version control (Git),2024-04-11 10:00:00,2024-04-11 16:00:00,Aurum,660fe8a86f3688dd93b36697,['660feb0a6f3688dd93b4436f'],completed,
66179ebde0f186f804932429,6612820b9ee42a92ec2a0f06,Version control (Git),2024-04-11 10:00:00,2024-04-11 16:00:00,Aurum,660fe8a86f3688dd93b3669b,['660feb0a6f3688dd93b4436f'],completed,
66179ebde0f186f80493242a,6612820b9ee42a92ec2a0f06,Version control (Git),2024-04-11 10:00:00,2024-04-11 16:00:00,Aurum,660fe8a86f3688dd93b36683,['660feb0a6f3688dd93b4436f'],completed,
66179ebde0f186f80493242b,6612820b9ee42a92ec2a0f06,Version control (Git),2024-04-11 10:00:00,2024-04-11 16:00:00,Aurum,660fe8a86f3688dd93b36687,['660feb0a6f3688dd93b4436f'],completed,
66179ebde0f186f80493242c,6612820b9ee42a92ec2a0f06,Version control (Git),2024-04-11 10:00:00,2024-04-11 16:00:00,Aurum,660fe8a86f3688dd93b3668c,['660feb0a6f3688dd93b4436f'],completed,
66179ebde0f186f80493242d,6612820b9ee42a92ec2a0f06,Version control (Git),2024-04-11 10:00:00,2024-04-11 16:00:00,Aurum,660fe8a86f3688dd93b36694,['660feb0a6f3688dd93b4436f'],completed,
66179ebde0f186f80493242e,6612820b9ee42a92ec2a0f06,Version control (Git),2024-04-11 10:00:00,2024-04-11 16:00:00,Aurum,660fe8a86f3688dd93b3669c,['660feb0a6f3688dd93b4436f'],completed,
66179ebde0f186f80493242f,6612820b9ee42a92ec2a0f06,Version control (Git),2024-04-11 10:00:00,2024-04-11 16:00:00,Aurum,660feb0a6f3688dd93b442ca,['660feb0a6f3688dd93b4436f'],completed,
66179ebde0f186f804932430,6612820b9ee42a92ec2a0f06,Version control (Git),2024-04-11 10:00:00,2024-04-11 16:00:00,Aurum,660feb0a6f3688dd93b442c3,['660feb0a6f3688dd93b4436f'],completed,
66179ebde0f186f804932431,6612820b9ee42a92ec2a0f06,Version control (Git),2024-04-11 10:00:00,2024-04-11 16:00:00,Aurum,660feb0a6f3688dd93b442cb,['660feb0a6f3688dd93b4436f'],completed,
66179ebee0f186f804932432,6612820b9ee42a92ec2a0f06,Version control (Git),2024-04-11 10:00:00,2024-04-11 16:00:00,Aurum,660feb0a6f3688dd93b442cc,['660feb0a6f3688dd93b4436f'],completed,
66179ebee0f186f804932433,6612820b9ee42a92ec2a0f06,Version control (Git),2024-04-11 10:00:00,2024-04-11 16:00:00,Aurum,660feb0a6f3688dd93b442d4,['660feb0a6f3688dd93b4436f'],completed,
66179ebee0f186f804932434,6612820b9ee42a92ec2a0f06,Version control (Git),2024-04-11 10:00:00,2024-04-11 16:00:00,Aurum,660feb0a6f3688dd93b442d7,['660feb0a6f3688dd93b4436f'],completed,
66179ebee0f186f804932435,6612820b9ee42a92ec2a0f06,Version control (Git),2024-04-11 10:00:00,2024-04-11 16:00:00,Aurum,660feb0a6f3688dd93b442dc,['660feb0a6f3688dd93b4436f'],completed,
66179ebee0f186f804932436,6612820b9ee42a92ec2a0f06,Version control (Git),2024-04-11 10:00:00,2024-04-11 16:00:00,Aurum,660feb0a6f3688dd93b442dd,['660feb0a6f3688dd93b4436f'],completed,
66179ebee0f186f804932437,6612820b9ee42a92ec2a0f06,Version control (Git),2024-04-11 10:00:00,2024-04-11 16:00:00,Aurum,660feb0a6f3688dd93b442e1,['660feb0a6f3688dd93b4436f'],completed,
66179ebee0f186f804932438,6612820b9ee42a92ec2a0f06,Version control (Git),2024-04-11 10:00:00,2024-04-11 16:00:00,Aurum,660feb0a6f3688dd93b442e7,['660feb0a6f3688dd93b4436f'],completed,
66179ebee0f186f804932439,6612820b9ee42a92ec2a0f06,Version control (Git),2024-04-11 10:00:00,2024-04-11 16:00:00,Aurum,660feb0a6f3688dd93b442f2,['660feb0a6f3688dd93b4436f'],completed,
66179ebee0f186f80493243a,6612820b9ee42a92ec2a0f06,Version control (Git),2024-04-11 10:00:00,2024-04-11 16:00:00,Aurum,660feb0a6f3688dd93b442f4,['660feb0a6f3688dd93b4436f'],completed,
66179ebee0f186f80493243b,6612820b9ee42a92ec2a0f06,Version control (Git),2024-04-11 10:00:00,2024-04-11 16:00:00,Aurum,660feb0a6f3688dd93b442fa,['660feb0a6f3688dd93b4436f'],completed,
66179ebee0f186f80493243c,6612820b9ee42a92ec2a0f06,Version control (Git),2024-04-11 10:00:00,2024-04-11 16:00:00,Aurum,660feb0a6f3688dd93b442ce,['660feb0a6f3688dd93b4436f'],completed,
66179ebfe0f186f80493243d,6612820b9ee42a92ec2a0f06,Version control (Git),2024-04-11 10:00:00,2024-04-11 16:00:00,Aurum,660feb0a6f3688dd93b442d0,['660feb0a6f3688dd93b4436f'],completed,
66179ebfe0f186f80493243e,6612820b9ee42a92ec2a0f06,Version control (Git),2024-04-11 10:00:00,2024-04-11 16:00:00,Aurum,660feb0a6f3688dd93b442df,['660feb0a6f3688dd93b4436f'],completed,
66179ebfe0f186f80493243f,6612820b9ee42a92ec2a0f06,Version control (Git),2024-04-11 10:00:00,2024-04-11 16:00:00,Aurum,660feb0a6f3688dd93b442e3,['660feb0a6f3688dd93b4436f'],completed,
66179ebfe0f186f804932440,6612820b9ee42a92ec2a0f06,Version control (Git),2024-04-11 10:00:00,2024-04-11 16:00:00,Aurum,660feb0a6f3688dd93b442e5,['660feb0a6f3688dd93b4436f'],completed,
66179ebfe0f186f804932441,6612820b9ee42a92ec2a0f06,Version control (Git),2024-04-11 10:00:00,2024-04-11 16:00:00,Aurum,660feb0a6f3688dd93b442e6,['660feb0a6f3688dd93b4436f'],completed,
66179ebfe0f186f804932442,6612820b9ee42a92ec2a0f06,Version control (Git),2024-04-11 10:00:00,2024-04-11 16:00:00,Aurum,660feb0a6f3688dd93b442ec,['660feb0a6f3688dd93b4436f'],completed,
66179ebfe0f186f804932443,6612820b9ee42a92ec2a0f06,Version control (Git),2024-04-11 10:00:00,2024-04-11 16:00:00,Aurum,660feb0a6f3688dd93b442ed,['660feb0a6f3688dd93b4436f'],completed,
66179ebfe0f186f804932444,6612820b9ee42a92ec2a0f06,Version control (Git),2024-04-11 10:00:00,2024-04-11 16:00:00,Aurum,660feb0a6f3688dd93b442ef,['660feb0a6f3688dd93b4436f'],completed,
66179ebfe0f186f804932445,6612820b9ee42a92ec2a0f06,Version control (Git),2024-04-11 10:00:00,2024-04-11 16:00:00,Aurum,660feb0a6f3688dd93b442f0,['660feb0a6f3688dd93b4436f'],completed,
66179ebfe0f186f804932446,6612820b9ee42a92ec2a0f06,Version control (Git),2024-04-11 10:00:00,2024-04-11 16:00:00,Aurum,660feb0a6f3688dd93b442f7,['660feb0a6f3688dd93b4436f'],completed,
66179ebfe0f186f804932447,6612820b9ee42a92ec2a0f06,Version control (Git),2024-04-11 10:00:00,2024-04-11 16:00:00,Aurum,660feb0a6f3688dd93b442fd,['660feb0a6f3688dd93b4436f'],completed,
66179ebfe0f186f804932448,6612820b9ee42a92ec2a0f06,Version control (Git),2024-04-11 10:00:00,2024-04-11 16:00:00,Aurum,660feb0a6f3688dd93b442c0,['660feb0a6f3688dd93b4436f'],completed,
66179ebfe0f186f804932449,6612820b9ee42a92ec2a0f06,Version control (Git),2024-04-11 10:00:00,2024-04-11 16:00:00,Aurum,660feb0a6f3688dd93b442c2,['660feb0a6f3688dd93b4436f'],completed,
66179ec0e0f186f80493244a,6612820b9ee42a92ec2a0f06,Version control (Git),2024-04-11 10:00:00,2024-04-11 16:00:00,Aurum,660feb0a6f3688dd93b442c5,['660feb0a6f3688dd93b4436f'],completed,
66179ec0e0f186f80493244b,6612820b9ee42a92ec2a0f06,Version control (Git),2024-04-11 10:00:00,2024-04-11 16:00:00,Aurum,660feb0a6f3688dd93b442cf,['660feb0a6f3688dd93b4436f'],completed,
66179ec0e0f186f80493244c,6612820b9ee42a92ec2a0f06,Version control (Git),2024-04-11 10:00:00,2024-04-11 16:00:00,Aurum,660feb0a6f3688dd93b442d2,['660feb0a6f3688dd93b4436f'],completed,
66179ec0e0f186f80493244d,6612820b9ee42a92ec2a0f06,Version control (Git),2024-04-11 10:00:00,2024-04-11 16:00:00,Aurum,660feb0a6f3688dd93b442d3,['660feb0a6f3688dd93b4436f'],completed,
66179ec0e0f186f80493244e,6612820b9ee42a92ec2a0f06,Version control (Git),2024-04-11 10:00:00,2024-04-11 16:00:00,Aurum,660feb0a6f3688dd93b442d6,['660feb0a6f3688dd93b4436f'],completed,
66179ec0e0f186f80493244f,6612820b9ee42a92ec2a0f06,Version control (Git),2024-04-11 10:00:00,2024-04-11 16:00:00,Aurum,660feb0a6f3688dd93b442d9,['660feb0a6f3688dd93b4436f'],completed,
66179ec0e0f186f804932450,6612820b9ee42a92ec2a0f06,Version control (Git),2024-04-11 10:00:00,2024-04-11 16:00:00,Aurum,660feb0a6f3688dd93b442da,['660feb0a6f3688dd93b4436f'],completed,
66179ec0e0f186f804932451,6612820b9ee42a92ec2a0f06,Version control (Git),2024-04-11 10:00:00,2024-04-11 16:00:00,Aurum,660feb0a6f3688dd93b442e2,['660feb0a6f3688dd93b4436f'],completed,
66179ec0e0f186f804932452,6612820b9ee42a92ec2a0f06,Version control (Git),2024-04-11 10:00:00,2024-04-11 16:00:00,Aurum,660feb0a6f3688dd93b442f3,['660feb0a6f3688dd93b4436f'],completed,
66179ec0e0f186f804932453,6612820b9ee42a92ec2a0f06,Version control (Git),2024-04-11 10:00:00,2024-04-11 16:00:00,Aurum,660feb0a6f3688dd93b442f5,['660feb0a6f3688dd93b4436f'],completed,
66179ec0e0f186f804932454,6612820b9ee42a92ec2a0f06,Version control (Git),2024-04-11 10:00:00,2024-04-11 16:00:00,Aurum,660feb0a6f3688dd93b442f8,['660feb0a6f3688dd93b4436f'],completed,
66179ec0e0f186f804932455,6612820b9ee42a92ec2a0f06,Version control (Git),2024-04-11 10:00:00,2024-04-11 16:00:00,Aurum,660feb0a6f3688dd93b442f9,['660feb0a6f3688dd93b4436f'],completed,
66179ec1e0f186f804932456,6612820b9ee42a92ec2a0f06,Version control (Git),2024-04-11 10:00:00,2024-04-11 16:00:00,Aurum,660feb0a6f3688dd93b442fc,['660feb0a6f3688dd93b4436f'],completed,
66179ec1e0f186f804932457,6612820b9ee42a92ec2a0f06,Version control (Git),2024-04-11 10:00:00,2024-04-11 16:00:00,Aurum,660feb0a6f3688dd93b442c1,['660feb0a6f3688dd93b4436f'],pending,
66179ec1e0f186f804932458,6612820b9ee42a92ec2a0f06,Version control (Git),2024-04-11 10:00:00,2024-04-11 16:00:00,Aurum,660feb0a6f3688dd93b442c4,['660feb0a6f3688dd93b4436f'],pending,
66179ec1e0f186f804932459,6612820b9ee42a92ec2a0f06,Version control (Git),2024-04-11 10:00:00,2024-04-11 16:00:00,Aurum,660feb0a6f3688dd93b442c6,['660feb0a6f3688dd93b4436f'],pending,
66179ec1e0f186f80493245a,6612820b9ee42a92ec2a0f06,Version control (Git),2024-04-11 10:00:00,2024-04-11 16:00:00,Aurum,660feb0a6f3688dd93b442c7,['660feb0a6f3688dd93b4436f'],pending,
66179ec1e0f186f80493245b,6612820b9ee42a92ec2a0f06,Version control (Git),2024-04-11 10:00:00,2024-04-11 16:00:00,Aurum,660feb0a6f3688dd93b442c8,['660feb0a6f3688dd93b4436f'],pending,
66179ec1e0f186f80493245c,6612820b9ee42a92ec2a0f06,Version control (Git),2024-04-11 10:00:00,2024-04-11 16:00:00,Aurum,660feb0a6f3688dd93b442c9,['660feb0a6f3688dd93b4436f'],pending,
66179ec1e0f186f80493245d,6612820b9ee42a92ec2a0f06,Version control (Git),2024-04-11 10:00:00,2024-04-11 16:00:00,Aurum,660feb0a6f3688dd93b442cd,['660feb0a6f3688dd93b4436f'],pending,
66179ec1e0f186f80493245e,6612820b9ee42a92ec2a0f06,Version control (Git),2024-04-11 10:00:00,2024-04-11 16:00:00,Aurum,660feb0a6f3688dd93b442d1,['660feb0a6f3688dd93b4436f'],pending,
66179ec1e0f186f80493245f,6612820b9ee42a92ec2a0f06,Version control (Git),2024-04-11 10:00:00,2024-04-11 16:00:00,Aurum,660feb0a6f3688dd93b442d5,['660feb0a6f3688dd93b4436f'],pending,
66179ec1e0f186f804932460,6612820b9ee42a92ec2a0f06,Version control (Git),2024-04-11 10:00:00,2024-04-11 16:00:00,Aurum,660feb0a6f3688dd93b442d8,['660feb0a6f3688dd93b4436f'],pending,
66179ec1e0f186f804932461,6612820b9ee42a92ec2a0f06,Version control (Git),2024-04-11 10:00:00,2024-04-11 16:00:00,Aurum,660feb0a6f3688dd93b442db,['660feb0a6f3688dd93b4436f'],pending,
66179ec1e0f186f804932462,6612820b9ee42a92ec2a0f06,Version control (Git),2024-04-11 10:00:00,2024-04-11 16:00:00,Aurum,660feb0a6f3688dd93b442de,['660feb0a6f3688dd93b4436f'],pending,
66179ec1e0f186f804932463,6612820b9ee42a92ec2a0f06,Version control (Git),2024-04-11 10:00:00,2024-04-11 16:00:00,Aurum,660feb0a6f3688dd93b442e0,['660feb0a6f3688dd93b4436f'],pending,
66179ec1e0f186f804932464,6612820b9ee42a92ec2a0f06,Version control (Git),2024-04-11 10:00:00,2024-04-11 16:00:00,Aurum,660feb0a6f3688dd93b442e4,['660feb0a6f3688dd93b4436f'],pending,
66179ec1e0f186f804932465,6612820b9ee42a92ec2a0f06,Version control (Git),2024-04-11 10:00:00,2024-04-11 16:00:00,Aurum,660feb0a6f3688dd93b442e8,['660feb0a6f3688dd93b4436f'],pending,
66179ec2e0f186f804932466,6612820b9ee42a92ec2a0f06,Version control (Git),2024-04-11 10:00:00,2024-04-11 16:00:00,Aurum,660feb0a6f3688dd93b442e9,['660feb0a6f3688dd93b4436f'],pending,
66179ec2e0f186f804932467,6612820b9ee42a92ec2a0f06,Version control (Git),2024-04-11 10:00:00,2024-04-11 16:00:00,Aurum,660feb0a6f3688dd93b442ea,['660feb0a6f3688dd93b4436f'],pending,
66179ec2e0f186f804932468,6612820b9ee42a92ec2a0f06,Version control (Git),2024-04-11 10:00:00,2024-04-11 16:00:00,Aurum,660feb0a6f3688dd93b442eb,['660feb0a6f3688dd93b4436f'],pending,
66179ec2e0f186f804932469,6612820b9ee42a92ec2a0f06,Version control (Git),2024-04-11 10:00:00,2024-04-11 16:00:00,Aurum,660feb0a6f3688dd93b442ee,['660feb0a6f3688dd93b4436f'],pending,
66179ec2e0f186f80493246a,6612820b9ee42a92ec2a0f06,Version control (Git),2024-04-11 10:00:00,2024-04-11 16:00:00,Aurum,660feb0a6f3688dd93b442f1,['660feb0a6f3688dd93b4436f'],pending,
66179ec2e0f186f80493246b,6612820b9ee42a92ec2a0f06,Version control (Git),2024-04-11 10:00:00,2024-04-11 16:00:00,Aurum,660feb0a6f3688dd93b442f6,['660feb0a6f3688dd93b4436f'],pending,
66179ec2e0f186f80493246c,6612820b9ee42a92ec2a0f06,Version control (Git),2024-04-11 10:00:00,2024-04-11 16:00:00,Aurum,660feb0a6f3688dd93b442fb,['660feb0a6f3688dd93b4436f'],pending,
66179ec2e0f186f80493246d,6612820b9ee42a92ec2a0f06,Version control (Git),2024-04-11 10:00:00,2024-04-11 16:00:00,Aurum,661224230ccdccd17b1e084c,['660feb0a6f3688dd93b4436f'],pending,
66179ec2e0f186f80493246e,6612820b9ee42a92ec2a0f06,Version control (Git),2024-04-11 10:00:00,2024-04-11 16:00:00,Aurum,6613726b575d5b967ace46b4,['660feb0a6f3688dd93b4436f'],pending,
