_id,assessmentSessionId,sessionName,userId,assessmentDate,maxScore,score
661ce49902ac53db241d98d9,661380ac2b58b7175bca7031,"Cloud deployment models (Public, Private, Hybrid, Multi-cloud)",661224230ccdccd17b1e084c,2024-04-12 12:00:00,100,53
661ce49902ac53db241d98da,66138a552b58b7175bca70b4,"Cloud deployment models (Public, Private, Hybrid, Multi-cloud)",661224230ccdccd17b1e084c,2024-04-12 15:00:00,100,36
661ce49902ac53db241d98db,6613a181a17a6dbac96b1781,Infrastructure as Code (IaC),661224230ccdccd17b1e084c,2024-04-13 11:30:00,100,68
661ce49902ac53db241d98dc,6613e4e59ee42a92eca133ee,Feature engineering,660feb0a6f3688dd93b442d9,2024-01-13 00:00:00,100,75
661ce49902ac53db241d98dd,6613e4e59ee42a92eca133ef,Reinforcement learning,660fe8a86f3688dd93b3667b,2024-01-12 00:00:00,100,92
661ce49902ac53db241d98de,6613e4e59ee42a92eca133f0,Model evaluation and validation,661224230ccdccd17b1e084c,2024-01-07 00:00:00,100,34
661ce49902ac53db241d98df,6613e4e59ee42a92eca133f1,Infrastructure automation,660feb0a6f3688dd93b442e7,2024-01-12 00:00:00,100,91
661ce49902ac53db241d98e0,6613e4e59ee42a92eca133f2,User research,660feb0a6f3688dd93b442c5,2024-01-06 00:00:00,100,55
661ce49902ac53db241d98e1,6613e4e59ee42a92eca133f3,A/B testing methodologies,660feb0a6f3688dd93b442cf,2024-01-13 00:00:00,100,93
661ce49902ac53db241d98e2,6613e4e59ee42a92eca133f4,Model evaluation and validation,660fe8a86f3688dd93b36694,2024-01-08 00:00:00,100,84
661ce49902ac53db241d98e3,6613e4e59ee42a92eca133f5,Data governance,660feb0a6f3688dd93b442e7,2024-01-11 00:00:00,100,94
661ce49902ac53db241d98e4,6613e4e59ee42a92eca133f6,Prototyping,660fe8a86f3688dd93b36685,2024-01-14 00:00:00,100,64
661ce49902ac53db241d98e5,6613e4e59ee42a92eca133f7,Data Science Fundamentals,660feb0a6f3688dd93b442de,2024-01-08 00:00:00,100,96
661ce49902ac53db241d98e6,6613e4e59ee42a92eca133f8,Test automation frameworks,660feb0a6f3688dd93b442c8,2024-01-12 00:00:00,100,73
661ce49902ac53db241d98e7,6613e4e59ee42a92eca133f9,"Message brokers (e.g., RabbitMQ, Kafka)",660fe8a86f3688dd93b36695,2024-01-07 00:00:00,100,32
661ce49902ac53db241d98e8,6613e4e59ee42a92eca133fa,Automated incident response,660feb0a6f3688dd93b442fa,2024-01-11 00:00:00,100,80
661ce49902ac53db241d98e9,6613e4e59ee42a92eca133fb,User personas,660feb0a6f3688dd93b442d9,2024-01-13 00:00:00,100,82
661ce49902ac53db241d98ea,6613e4e59ee42a92eca133fc,Monitoring and logging in cloud environments,660feb0a6f3688dd93b442e4,2024-01-15 00:00:00,100,57
661ce49a02ac53db241d98eb,6613e4e59ee42a92eca133fd,"Cloud deployment models (Public, Private, Hybrid, Multi-cloud)",660fe8a86f3688dd93b36678,2024-01-12 00:00:00,100,34
661ce49a02ac53db241d98ec,6613e4e59ee42a92eca133fe,Advanced Machine Learning,661224230ccdccd17b1e084c,2024-01-16 00:00:00,100,65
661ce49a02ac53db241d98ed,6613e4e59ee42a92eca133ff,Interaction design,660feb0a6f3688dd93b442d6,2024-01-08 00:00:00,100,64
661ce49a02ac53db241d98ee,6613e4e59ee42a92eca13400,Information architecture,660feb0a6f3688dd93b442c0,2024-01-11 00:00:00,100,58
661ce49a02ac53db241d98ef,6613e4e59ee42a92eca13401,Software architecture,660feb0a6f3688dd93b442e8,2024-01-07 00:00:00,100,49
661ce49a02ac53db241d98f0,6613e4e59ee42a92eca13402,Data warehouses,6613726b575d5b967ace46b4,2024-01-12 00:00:00,100,91
661ce49a02ac53db241d98f1,6613e4e59ee42a92eca13403,Data preprocessing techniques,660fe8a86f3688dd93b36684,2024-01-09 00:00:00,100,53
661ce49a02ac53db241d98f2,6613e4e59ee42a92eca13404,Cost management in the cloud,660fe8a86f3688dd93b3669b,2024-01-13 00:00:00,100,65
661ce49a02ac53db241d98f3,6613e4e59ee42a92eca13405,Exploratory data analysis (EDA),660feb0a6f3688dd93b442ca,2024-01-10 00:00:00,100,43
661ce49a02ac53db241d98f4,6613e4e59ee42a92eca13406,Scalable backend architectures,660feb0a6f3688dd93b442e0,2024-01-09 00:00:00,100,78
661ce49a02ac53db241d98f5,6613e4e59ee42a92eca13407,Data Analytics Bootcamp,660fe8a86f3688dd93b36687,2024-01-07 00:00:00,100,30
661ce49a02ac53db241d98f6,6613e4e59ee42a92eca13408,Data Engineering Essentials,660fe8a86f3688dd93b3668e,2024-01-10 00:00:00,100,90
661ce49a02ac53db241d98f7,6613e4e59ee42a92eca13409,Refactoring techniques,660feb0a6f3688dd93b442ea,2024-01-08 00:00:00,100,65
661ce49a02ac53db241d98f8,6613e4e59ee42a92eca1340a,"Server-side programming languages (e.g., Node.js, Django, Flask)",660feb0a6f3688dd93b442c2,2024-01-16 00:00:00,100,60
661ce49a02ac53db241d98f9,6613e4e59ee42a92eca1340b,User personas,660feb0a6f3688dd93b442f9,2024-01-16 00:00:00,100,38
661ce49a02ac53db241d98fa,6613e4e59ee42a92eca1340c,"Server-side programming languages (e.g., Node.js, Django, Flask)",660feb0a6f3688dd93b442cb,2024-01-10 00:00:00,100,85
661ce49a02ac53db241d98fb,6613e4e59ee42a92eca1340d,Automated documentation generation,660fe8a86f3688dd93b36682,2024-01-03 00:00:00,100,71
661ce49a02ac53db241d98fc,6613e4e59ee42a92eca1340e,Real-time data processing,660fe8a86f3688dd93b36698,2024-01-12 00:00:00,100,46
661ce49a02ac53db241d98fd,6613e4e59ee42a92eca1340f,Continuous testing,660fe8a86f3688dd93b3668e,2024-01-12 00:00:00,100,91
661ce49a02ac53db241d98fe,6613e4e59ee42a92eca13410,Usability testing,660fe8a86f3688dd93b3667b,2024-01-09 00:00:00,100,74
661ce49a02ac53db241d98ff,6613e4e59ee42a92eca13411,Object-oriented programming (OOP),660feb0a6f3688dd93b442d4,2024-01-05 00:00:00,100,57
661ce49b02ac53db241d9900,6613e4e59ee42a92eca13412,Data pipelines,660feb0a6f3688dd93b442df,2024-01-06 00:00:00,100,43
661ce49b02ac53db241d9901,6613e4e59ee42a92eca13413,Database optimization,660feb0a6f3688dd93b442da,2024-01-16 00:00:00,100,35
661ce49b02ac53db241d9902,6613e4e59ee42a92eca13414,Automated incident response,660feb0a6f3688dd93b442db,2024-01-11 00:00:00,100,77
661ce49b02ac53db241d9903,6613e4e59ee42a92eca13415,Automated documentation generation,660feb0a6f3688dd93b442d9,2024-01-13 00:00:00,100,51
661ce49b02ac53db241d9904,6613e4e59ee42a92eca13416,Cost management in the cloud,660fe8a86f3688dd93b36695,2024-01-08 00:00:00,100,81
661ce49b02ac53db241d9905,6613e4e59ee42a92eca13417,Automated deployment pipelines,660feb0a6f3688dd93b442f8,2024-01-11 00:00:00,100,68
661ce49b02ac53db241d9906,6613e4e59ee42a92eca13418,"Containers and container orchestration (e.g., Docker, Kubernetes)",660feb0a6f3688dd93b442f2,2024-01-04 00:00:00,100,90
661ce49b02ac53db241d9907,6613e4e59ee42a92eca13419,Data modeling and ORM (Object-Relational Mapping),660feb0a6f3688dd93b442e1,2024-01-07 00:00:00,100,62
661ce49b02ac53db241d9908,6613e4e59ee42a92eca1341a,Automated deployment pipelines,660fe8a86f3688dd93b36678,2024-01-13 00:00:00,100,31
661ce49b02ac53db241d9909,6613e4e59ee42a92eca1341b,Design patterns,660feb0a6f3688dd93b442ce,2024-01-05 00:00:00,100,47
661ce49b02ac53db241d990a,6613e4e59ee42a92eca1341c,Continuous testing,660feb0a6f3688dd93b442c5,2024-01-11 00:00:00,100,94
661ce49b02ac53db241d990b,6613e4e59ee42a92eca1341d,"Configuration management tools (e.g., Ansible, Chef, Puppet)",660feb0a6f3688dd93b442e0,2024-01-12 00:00:00,100,73
661ce49b02ac53db241d990c,6613e4e59ee42a92eca1341e,Prototyping,660feb0a6f3688dd93b442ef,2024-01-11 00:00:00,100,35
661ce49b02ac53db241d990d,6613e4e59ee42a92eca1341f,Caching strategies,660feb0a6f3688dd93b442e6,2024-01-04 00:00:00,100,37
661ce49b02ac53db241d990e,6613e4e59ee42a92eca13420,"Message brokers (e.g., RabbitMQ, Kafka)",660fe8a86f3688dd93b36699,2024-01-09 00:00:00,100,72
661ce49b02ac53db241d990f,6613e4e59ee42a92eca13421,Responsive web design,660feb0a6f3688dd93b442d6,2024-01-14 00:00:00,100,86
661ce49b02ac53db241d9910,6613e4e59ee42a92eca13422,Time series analysis,660feb0a6f3688dd93b442c2,2024-01-09 00:00:00,100,88
661ce49b02ac53db241d9911,6613e4e59ee42a92eca13423,Data preprocessing techniques,660fe8a86f3688dd93b3669a,2024-01-08 00:00:00,100,44
661ce49b02ac53db241d9912,6613e4e59ee42a92eca13424,Accessibility standards,660fe8a86f3688dd93b36678,2024-01-13 00:00:00,100,73
661ce49b02ac53db241d9913,6613e4e59ee42a92eca13425,Backend Development Bootcamp,660fe8a86f3688dd93b36689,2024-01-11 00:00:00,100,41
661ce49b02ac53db241d9914,6613e4e59ee42a92eca13426,"Server-side programming languages (e.g., Node.js, Django, Flask)",660feb0a6f3688dd93b442e6,2024-01-07 00:00:00,100,62
661ce49b02ac53db241d9915,6613e4e59ee42a92eca13427,Agile methodologies,660fe8a86f3688dd93b36686,2024-01-12 00:00:00,100,45
661ce49c02ac53db241d9916,6613e4e59ee42a92eca13428,Continuous integration/continuous deployment (CI/CD),660feb0a6f3688dd93b442c2,2024-01-11 00:00:00,100,38
661ce49c02ac53db241d9917,6613e4e59ee42a92eca13429,Data preprocessing techniques,660feb0a6f3688dd93b442c0,2024-01-11 00:00:00,100,74
661ce49c02ac53db241d9918,6613e4e59ee42a92eca1342a,"Big data technologies (e.g., Hadoop, Spark)",660feb0a6f3688dd93b442ca,2024-01-07 00:00:00,100,65
661ce49c02ac53db241d9919,6613e4e59ee42a92eca1342b,Database optimization,660feb0a6f3688dd93b442cf,2024-01-08 00:00:00,100,67
661ce49c02ac53db241d991a,6613e4e59ee42a92eca1342c,Database optimization,660feb0a6f3688dd93b442da,2024-01-04 00:00:00,100,83
661ce49c02ac53db241d991b,6613e4e59ee42a92eca1342d,"Big data technologies (e.g., Hadoop, Spark)",660fe8a86f3688dd93b36683,2024-01-07 00:00:00,100,96
661ce49c02ac53db241d991c,6613e4e59ee42a92eca1342e,Database optimization,660feb0a6f3688dd93b442dd,2024-01-14 00:00:00,100,39
661ce49c02ac53db241d991d,6613e4e59ee42a92eca1342f,Feature engineering,660feb0a6f3688dd93b442e7,2024-01-09 00:00:00,100,49
661ce49c02ac53db241d991e,6613e4e59ee42a92eca13430,Cloud Computing Fundamentals,660feb0a6f3688dd93b442c9,2024-01-07 00:00:00,100,77
661ce49c02ac53db241d991f,6613e4e59ee42a92eca13431,Prototyping,660feb0a6f3688dd93b442d8,2024-01-11 00:00:00,100,56
661ce49c02ac53db241d9920,6613e4e59ee42a92eca13432,Robotic process automation (RPA),660fe8a86f3688dd93b36695,2024-01-11 00:00:00,100,41
661ce49c02ac53db241d9921,6613e4e59ee42a92eca13433,Design patterns,660fe8a86f3688dd93b3668f,2024-01-15 00:00:00,100,55
661ce49c02ac53db241d9922,6613e4e59ee42a92eca13434,"Scripting languages (e.g., Python, Bash)",660feb0a6f3688dd93b442e5,2024-01-09 00:00:00,100,48
661ce49c02ac53db241d9923,6613e4e59ee42a92eca13435,Robotic process automation (RPA),660feb0a6f3688dd93b442d1,2024-01-09 00:00:00,100,49
661ce49c02ac53db241d9924,6613e4e59ee42a92eca13436,Code review best practices,660feb0a6f3688dd93b442c9,2024-01-08 00:00:00,100,38
661ce49c02ac53db241d9925,6613e4e59ee42a92eca13437,Agile methodologies,660fe8a86f3688dd93b3667c,2024-01-17 00:00:00,100,84
661ce49c02ac53db241d9926,6613e4e59ee42a92eca13438,Data governance,660fe8a86f3688dd93b36694,2024-01-09 00:00:00,100,83
661ce49c02ac53db241d9927,6613e4e59ee42a92eca13439,Data preprocessing techniques,660fe8a86f3688dd93b3667e,2024-01-14 00:00:00,100,94
661ce49c02ac53db241d9928,6613e4e59ee42a92eca1343a,Time series analysis,660feb0a6f3688dd93b442e8,2024-01-16 00:00:00,100,54
661ce49c02ac53db241d9929,6613e4e59ee42a92eca1343b,UI/UX Design Essentials,660fe8a86f3688dd93b36682,2024-01-09 00:00:00,100,85
661ce49c02ac53db241d992a,6613e4e59ee42a92eca1343c,Data mining techniques,660fe8a86f3688dd93b36691,2024-01-11 00:00:00,100,30
661ce49c02ac53db241d992b,6613e4e59ee42a92eca1343d,Responsive web design,660feb0a6f3688dd93b442da,2024-01-07 00:00:00,100,33
661ce49d02ac53db241d992c,6613e4e59ee42a92eca1343e,Scalability and elasticity,660feb0a6f3688dd93b442d3,2024-01-05 00:00:00,100,34
661ce49d02ac53db241d992d,6613e4e59ee42a92eca1343f,Data warehouses,660fe8a86f3688dd93b3668a,2024-01-08 00:00:00,100,47
661ce49d02ac53db241d992e,6613e4e59ee42a92eca13440,Cloud security best practices,660fe8a86f3688dd93b3667b,2024-01-09 00:00:00,100,36
661ce49d02ac53db241d992f,6613e4e59ee42a92eca13441,Data Analytics Bootcamp,660fe8a86f3688dd93b36698,2024-01-08 00:00:00,100,61
661ce49d02ac53db241d9930,6613e4e59ee42a92eca13442,User research,660feb0a6f3688dd93b442c1,2024-01-12 00:00:00,100,32
661ce49d02ac53db241d9931,6613e4e59ee42a92eca13443,Data visualization techniques,660fe8a86f3688dd93b36683,2024-01-10 00:00:00,100,73
661ce49d02ac53db241d9932,6613e4e59ee42a92eca13444,Interaction design,660feb0a6f3688dd93b442d7,2024-01-06 00:00:00,100,70
661ce49d02ac53db241d9933,6613e4e59ee42a92eca13445,Data streaming,660feb0a6f3688dd93b442da,2024-01-10 00:00:00,100,41
661ce49d02ac53db241d9934,6613e4e59ee42a92eca13446,Continuous testing,660fe8a86f3688dd93b3669c,2024-01-06 00:00:00,100,70
661ce49d02ac53db241d9935,6613e4e59ee42a92eca13447,Real-time data processing,660feb0a6f3688dd93b442f9,2024-01-11 00:00:00,100,68
661ce49d02ac53db241d9936,6613e4e59ee42a92eca13448,Natural language processing (NLP),660fe8a86f3688dd93b3668c,2024-01-16 00:00:00,100,43
661ce49d02ac53db241d9937,6613e4e59ee42a92eca13449,"Web server technologies (e.g., Apache, Nginx)",660feb0a6f3688dd93b442fb,2024-01-12 00:00:00,100,100
661ce49d02ac53db241d9938,6613e4e59ee42a92eca1344a,"Database management systems (e.g., SQL, NoSQL)",660feb0a6f3688dd93b442cc,2024-01-06 00:00:00,100,47
661ce49d02ac53db241d9939,6613e4e59ee42a92eca1344b,Data Engineering Essentials,660feb0a6f3688dd93b442eb,2024-01-12 00:00:00,100,63
661ce49d02ac53db241d993a,6613e4e59ee42a92eca1344c,A/B testing methodologies,660feb0a6f3688dd93b442d5,2024-01-10 00:00:00,100,73
661ce49d02ac53db241d993b,6613e4e59ee42a92eca1344d,Robotic process automation (RPA),660feb0a6f3688dd93b442ee,2024-01-16 00:00:00,100,61
661ce49d02ac53db241d993c,6613e4e59ee42a92eca1344e,Cloud migration strategies,660feb0a6f3688dd93b442d0,2024-01-08 00:00:00,100,94
661ce49d02ac53db241d993d,6613e4e59ee42a92eca1344f,Monitoring and logging in cloud environments,660feb0a6f3688dd93b442c5,2024-01-04 00:00:00,100,57
661ce49d02ac53db241d993e,6613e4e59ee42a92eca13450,Feature engineering,660feb0a6f3688dd93b442e1,2024-01-10 00:00:00,100,51
661ce49d02ac53db241d993f,6613e4e59ee42a92eca13451,Cloud Computing Fundamentals,660feb0a6f3688dd93b442f8,2024-01-10 00:00:00,100,65
661ce49d02ac53db241d9940,6613e6b49ee42a92eca1c3c7,Natural language processing (NLP),660feb0a6f3688dd93b44339,2024-04-07 00:00:00,100,79
661ce49e02ac53db241d9941,6613e6b49ee42a92eca1c3c8,Software testing,660feb0a6f3688dd93b4431a,2024-04-08 00:00:00,100,94
661ce49e02ac53db241d9942,6613e6b49ee42a92eca1c3c9,Data preprocessing techniques,660feb0a6f3688dd93b4435b,2024-04-11 00:00:00,100,61
661ce49e02ac53db241d9943,6613e6b49ee42a92eca1c3ca,Design patterns,660feb0a6f3688dd93b4435a,2024-04-14 00:00:00,100,33
661ce49e02ac53db241d9944,6613e6b49ee42a92eca1c3cb,Real-time data processing,660feb0a6f3688dd93b44339,2024-04-15 00:00:00,100,33
661ce49e02ac53db241d9945,6613e6b49ee42a92eca1c3cc,Software testing,660feb0a6f3688dd93b4430c,2024-04-07 00:00:00,100,48
661ce49e02ac53db241d9946,6613e6b49ee42a92eca1c3cd,"Web server technologies (e.g., Apache, Nginx)",660feb0a6f3688dd93b44351,2024-04-08 00:00:00,100,69
661ce49e02ac53db241d9947,6613e6b49ee42a92eca1c3ce,Cloud Computing Fundamentals,660feb0a6f3688dd93b44339,2024-04-13 00:00:00,100,73
661ce49e02ac53db241d9948,6613e6b49ee42a92eca1c3cf,Predictive analytics,660feb0a6f3688dd93b44339,2024-04-08 00:00:00,100,86
661ce49e02ac53db241d9949,6613e6b49ee42a92eca1c3d0,"Cloud deployment models (Public, Private, Hybrid, Multi-cloud)",660feb0a6f3688dd93b44348,2024-04-14 00:00:00,100,99
661ce49e02ac53db241d994a,6613e6b49ee42a92eca1c3d1,Machine learning algorithms,660feb0a6f3688dd93b44354,2024-04-09 00:00:00,100,86
661ce49e02ac53db241d994b,6613e6b49ee42a92eca1c3d2,Data storytelling,660feb0a6f3688dd93b44341,2024-04-15 00:00:00,100,49
661ce49e02ac53db241d994c,6613e6b49ee42a92eca1c3d3,Software testing,660feb0a6f3688dd93b44348,2024-04-07 00:00:00,100,78
661ce49e02ac53db241d994d,6613e6b49ee42a92eca1c3d4,Data streaming,660feb0a6f3688dd93b44307,2024-04-07 00:00:00,100,69
661ce49e02ac53db241d994e,6613e6b49ee42a92eca1c3d5,Automated deployment pipelines,660feb0a6f3688dd93b44337,2024-04-13 00:00:00,100,95
661ce49e02ac53db241d994f,6613e6b49ee42a92eca1c3d6,Real-time data processing,660feb0a6f3688dd93b44330,2024-04-06 00:00:00,100,73
661ce49e02ac53db241d9950,6613e6b49ee42a92eca1c3d7,Automated documentation generation,660feb0a6f3688dd93b44311,2024-04-09 00:00:00,100,98
661ce49e02ac53db241d9951,6613e6b49ee42a92eca1c3d8,Design patterns,660feb0a6f3688dd93b4431a,2024-04-13 00:00:00,100,39
661ce49e02ac53db241d9952,6613e6b49ee42a92eca1c3d9,Serverless computing,660feb0a6f3688dd93b44325,2024-04-12 00:00:00,100,96
661ce49e02ac53db241d9953,6613e6b49ee42a92eca1c3da,Authentication and authorization,660feb0a6f3688dd93b44330,2024-04-10 00:00:00,100,84
661ce49e02ac53db241d9954,6614e25611f054e6a1b1b6ec,Design patterns,660fe8a86f3688dd93b36678,2024-04-11 17:00:00,100,88
661ce49e02ac53db241d9955,6614e25611f054e6a1b1b6ed,Design patterns,660fe8a86f3688dd93b36680,2024-04-10 17:00:00,100,52
661ce49e02ac53db241d9956,6614e25611f054e6a1b1b6ee,Design patterns,660fe8a86f3688dd93b3667e,2024-04-11 17:00:00,100,42
661ce49f02ac53db241d9957,6614e25611f054e6a1b1b6ef,Design patterns,660fe8a86f3688dd93b3667a,2024-04-12 17:00:00,100,76
661ce49f02ac53db241d9958,6614e25611f054e6a1b1b6f0,Design patterns,660fe8a86f3688dd93b36679,2024-04-10 17:00:00,100,85
661ce49f02ac53db241d9959,6614e25611f054e6a1b1b6f1,Design patterns,660fe8a86f3688dd93b3667b,2024-04-12 17:00:00,100,84
661ce49f02ac53db241d995a,6614e25611f054e6a1b1b6f2,Design patterns,660fe8a86f3688dd93b3667c,2024-04-12 17:00:00,100,63
661ce49f02ac53db241d995b,6614e25611f054e6a1b1b6f3,Design patterns,660fe8a86f3688dd93b3667d,2024-04-10 17:00:00,100,84
661ce49f02ac53db241d995c,6614e25611f054e6a1b1b6f4,Design patterns,660fe8a86f3688dd93b3667f,2024-04-12 17:00:00,100,51
661ce49f02ac53db241d995d,6614e25611f054e6a1b1b6f5,Design patterns,660fe8a86f3688dd93b36681,2024-04-10 17:00:00,100,59
661ce49f02ac53db241d995e,6614e25611f054e6a1b1b6f6,Design patterns,660fe8a86f3688dd93b36682,2024-04-11 17:00:00,100,41
661ce49f02ac53db241d995f,6614e25611f054e6a1b1b6f7,Design patterns,660fe8a86f3688dd93b36688,2024-04-12 17:00:00,100,93
661ce49f02ac53db241d9960,6614e25611f054e6a1b1b6f8,Design patterns,660fe8a86f3688dd93b3668d,2024-04-12 17:00:00,100,98
661ce49f02ac53db241d9961,6614e25611f054e6a1b1b6f9,Design patterns,660fe8a86f3688dd93b3668f,2024-04-12 17:00:00,100,50
661ce49f02ac53db241d9962,6614e25611f054e6a1b1b6fa,Design patterns,660fe8a86f3688dd93b36690,2024-04-12 17:00:00,100,72
661ce49f02ac53db241d9963,6614e25711f054e6a1b1b6fb,Design patterns,660fe8a86f3688dd93b36691,2024-04-10 17:00:00,100,90
661ce49f02ac53db241d9964,6614e25711f054e6a1b1b6fc,Design patterns,660fe8a86f3688dd93b36692,2024-04-11 17:00:00,100,98
661ce49f02ac53db241d9965,6614e25711f054e6a1b1b6fd,Design patterns,660fe8a86f3688dd93b36695,2024-04-10 17:00:00,100,65
661ce49f02ac53db241d9966,6614e25711f054e6a1b1b6fe,Design patterns,660fe8a86f3688dd93b36698,2024-04-12 17:00:00,100,65
661ce49f02ac53db241d9967,6614e25711f054e6a1b1b6ff,Design patterns,660fe8a86f3688dd93b36699,2024-04-10 17:00:00,100,46
661ce49f02ac53db241d9968,6614e25711f054e6a1b1b700,Design patterns,660fe8a86f3688dd93b3669a,2024-04-12 17:00:00,100,58
661ce49f02ac53db241d9969,6614e25711f054e6a1b1b701,Design patterns,660fe8a86f3688dd93b36685,2024-04-11 17:00:00,100,63
661ce49f02ac53db241d996a,6614e25711f054e6a1b1b702,Design patterns,660fe8a86f3688dd93b36686,2024-04-11 17:00:00,100,48
661ce49f02ac53db241d996b,6614e25711f054e6a1b1b703,Design patterns,660fe8a86f3688dd93b36689,2024-04-12 17:00:00,100,88
661ce4a002ac53db241d996c,6614e25711f054e6a1b1b704,Design patterns,660fe8a86f3688dd93b3668a,2024-04-12 17:00:00,100,57
661ce4a002ac53db241d996d,6614e25711f054e6a1b1b705,Design patterns,660fe8a86f3688dd93b3668b,2024-04-12 17:00:00,100,79
661ce4a002ac53db241d996e,6614e25711f054e6a1b1b706,Design patterns,660fe8a86f3688dd93b3668e,2024-04-12 17:00:00,100,49
661ce4a002ac53db241d996f,6614e25711f054e6a1b1b707,Design patterns,660fe8a86f3688dd93b36696,2024-04-12 17:00:00,100,62
661ce4a002ac53db241d9970,6614e25711f054e6a1b1b708,Design patterns,660fe8a86f3688dd93b36684,2024-04-10 17:00:00,100,33
661ce4a002ac53db241d9971,6614e25711f054e6a1b1b709,Design patterns,660fe8a86f3688dd93b36693,2024-04-11 17:00:00,100,67
661ce4a002ac53db241d9972,6614e25711f054e6a1b1b70a,Design patterns,660fe8a86f3688dd93b36697,2024-04-10 17:00:00,100,100
661ce4a002ac53db241d9973,6614e25711f054e6a1b1b70b,Design patterns,660fe8a86f3688dd93b3669b,2024-04-10 17:00:00,100,31
661ce4a002ac53db241d9974,6614e25711f054e6a1b1b70c,Design patterns,660fe8a86f3688dd93b36683,2024-04-12 17:00:00,100,55
661ce4a002ac53db241d9975,6614e25711f054e6a1b1b70d,Design patterns,660fe8a86f3688dd93b36687,2024-04-12 17:00:00,100,91
661ce4a002ac53db241d9976,6614e25711f054e6a1b1b70e,Design patterns,660fe8a86f3688dd93b3668c,2024-04-11 17:00:00,100,79
661ce4a002ac53db241d9977,6614e25711f054e6a1b1b70f,Design patterns,660fe8a86f3688dd93b36694,2024-04-10 17:00:00,100,47
661ce4a002ac53db241d9978,6614e25811f054e6a1b1b710,Design patterns,660fe8a86f3688dd93b3669c,2024-04-12 17:00:00,100,64
661ce4a002ac53db241d9979,6614e25811f054e6a1b1b711,Design patterns,660feb0a6f3688dd93b442ca,2024-04-10 17:00:00,100,84
661ce4a002ac53db241d997a,6614e25811f054e6a1b1b712,Design patterns,660feb0a6f3688dd93b442c3,2024-04-10 17:00:00,100,59
661ce4a002ac53db241d997b,6614e25811f054e6a1b1b713,Design patterns,660feb0a6f3688dd93b442cb,2024-04-11 17:00:00,100,36
661ce4a002ac53db241d997c,6614e25811f054e6a1b1b714,Design patterns,660feb0a6f3688dd93b442cc,2024-04-10 17:00:00,100,47
661ce4a002ac53db241d997d,6614e25811f054e6a1b1b715,Design patterns,660feb0a6f3688dd93b442d4,2024-04-10 17:00:00,100,66
661ce4a002ac53db241d997e,6614e25811f054e6a1b1b716,Design patterns,660feb0a6f3688dd93b442d7,2024-04-12 17:00:00,100,86
661ce4a002ac53db241d997f,6614e25811f054e6a1b1b717,Design patterns,660feb0a6f3688dd93b442dc,2024-04-10 17:00:00,100,31
661ce4a002ac53db241d9980,6614e25811f054e6a1b1b718,Design patterns,660feb0a6f3688dd93b442dd,2024-04-10 17:00:00,100,59
661ce4a002ac53db241d9981,6614e25811f054e6a1b1b719,Design patterns,660feb0a6f3688dd93b442e1,2024-04-12 17:00:00,100,74
661ce4a102ac53db241d9982,6614e25811f054e6a1b1b71a,Design patterns,660feb0a6f3688dd93b442e7,2024-04-10 17:00:00,100,43
661ce4a102ac53db241d9983,6614e25811f054e6a1b1b71b,Design patterns,660feb0a6f3688dd93b442f2,2024-04-11 17:00:00,100,93
661ce4a102ac53db241d9984,6614e25811f054e6a1b1b71c,Design patterns,660feb0a6f3688dd93b442f4,2024-04-12 17:00:00,100,89
661ce4a102ac53db241d9985,6614e25811f054e6a1b1b71d,Design patterns,660feb0a6f3688dd93b442fa,2024-04-12 17:00:00,100,96
661ce4a102ac53db241d9986,6614e25811f054e6a1b1b71e,Design patterns,660feb0a6f3688dd93b442ce,2024-04-12 17:00:00,100,53
661ce4a102ac53db241d9987,6614e25911f054e6a1b1b71f,Design patterns,660feb0a6f3688dd93b442d0,2024-04-10 17:00:00,100,31
661ce4a102ac53db241d9988,6614e25911f054e6a1b1b720,Design patterns,660feb0a6f3688dd93b442df,2024-04-12 17:00:00,100,79
661ce4a102ac53db241d9989,6614e25911f054e6a1b1b721,Design patterns,660feb0a6f3688dd93b442e3,2024-04-11 17:00:00,100,59
661ce4a102ac53db241d998a,6614e25911f054e6a1b1b722,Design patterns,660feb0a6f3688dd93b442e5,2024-04-11 17:00:00,100,72
661ce4a102ac53db241d998b,6614e25911f054e6a1b1b723,Design patterns,660feb0a6f3688dd93b442e6,2024-04-10 17:00:00,100,61
661ce4a102ac53db241d998c,6614e25911f054e6a1b1b724,Design patterns,660feb0a6f3688dd93b442ec,2024-04-11 17:00:00,100,100
661ce4a102ac53db241d998d,6614e25911f054e6a1b1b725,Design patterns,660feb0a6f3688dd93b442ed,2024-04-11 17:00:00,100,79
661ce4a102ac53db241d998e,6614e25911f054e6a1b1b726,Design patterns,660feb0a6f3688dd93b442ef,2024-04-10 17:00:00,100,66
661ce4a102ac53db241d998f,6614e25911f054e6a1b1b727,Design patterns,660feb0a6f3688dd93b442f0,2024-04-10 17:00:00,100,81
661ce4a102ac53db241d9990,6614e25911f054e6a1b1b728,Design patterns,660feb0a6f3688dd93b442f7,2024-04-11 17:00:00,100,84
661ce4a102ac53db241d9991,6614e25911f054e6a1b1b729,Design patterns,660feb0a6f3688dd93b442fd,2024-04-11 17:00:00,100,56
661ce4a102ac53db241d9992,6614e25911f054e6a1b1b72a,Design patterns,660feb0a6f3688dd93b442c0,2024-04-12 17:00:00,100,91
661ce4a102ac53db241d9993,6614e25911f054e6a1b1b72b,Design patterns,660feb0a6f3688dd93b442c2,2024-04-11 17:00:00,100,83
661ce4a102ac53db241d9994,6614e25911f054e6a1b1b72c,Design patterns,660feb0a6f3688dd93b442c5,2024-04-11 17:00:00,100,36
661ce4a102ac53db241d9995,6614e25911f054e6a1b1b72d,Design patterns,660feb0a6f3688dd93b442cf,2024-04-12 17:00:00,100,53
661ce4a102ac53db241d9996,6614e25911f054e6a1b1b72e,Design patterns,660feb0a6f3688dd93b442d2,2024-04-11 17:00:00,100,64
661ce4a102ac53db241d9997,6614e25a11f054e6a1b1b72f,Design patterns,660feb0a6f3688dd93b442d3,2024-04-10 17:00:00,100,54
661ce4a202ac53db241d9998,6614e25a11f054e6a1b1b730,Design patterns,660feb0a6f3688dd93b442d6,2024-04-12 17:00:00,100,82
661ce4a202ac53db241d9999,6614e25a11f054e6a1b1b731,Design patterns,660feb0a6f3688dd93b442d9,2024-04-12 17:00:00,100,55
661ce4a202ac53db241d999a,6614e25a11f054e6a1b1b732,Design patterns,660feb0a6f3688dd93b442da,2024-04-12 17:00:00,100,61
661ce4a202ac53db241d999b,6614e25a11f054e6a1b1b733,Design patterns,660feb0a6f3688dd93b442e2,2024-04-11 17:00:00,100,84
661ce4a202ac53db241d999c,6614e25a11f054e6a1b1b734,Design patterns,660feb0a6f3688dd93b442f3,2024-04-12 17:00:00,100,88
661ce4a202ac53db241d999d,6614e25a11f054e6a1b1b735,Design patterns,660feb0a6f3688dd93b442f5,2024-04-12 17:00:00,100,55
661ce4a202ac53db241d999e,6614e25a11f054e6a1b1b736,Design patterns,660feb0a6f3688dd93b442f8,2024-04-12 17:00:00,100,76
661ce4a202ac53db241d999f,6614e25a11f054e6a1b1b737,Design patterns,660feb0a6f3688dd93b442f9,2024-04-12 17:00:00,100,97
661ce4a202ac53db241d99a0,6614e25a11f054e6a1b1b738,Design patterns,660feb0a6f3688dd93b442fc,2024-04-11 17:00:00,100,33
661ce4a202ac53db241d99a1,6614e25a11f054e6a1b1b739,Design patterns,660feb0a6f3688dd93b442c1,2024-04-12 17:00:00,100,32
661ce4a202ac53db241d99a2,6614e25a11f054e6a1b1b73a,Design patterns,660feb0a6f3688dd93b442c4,2024-04-11 17:00:00,100,65
661ce4a202ac53db241d99a3,6614e25a11f054e6a1b1b73b,Design patterns,660feb0a6f3688dd93b442c6,2024-04-12 17:00:00,100,59
661ce4a202ac53db241d99a4,6614e25a11f054e6a1b1b73c,Design patterns,660feb0a6f3688dd93b442c7,2024-04-10 17:00:00,100,70
661ce4a202ac53db241d99a5,6614e25a11f054e6a1b1b73d,Design patterns,660feb0a6f3688dd93b442c8,2024-04-10 17:00:00,100,35
661ce4a202ac53db241d99a6,6614e25b11f054e6a1b1b73e,Design patterns,660feb0a6f3688dd93b442c9,2024-04-12 17:00:00,100,65
661ce4a202ac53db241d99a7,6614e25b11f054e6a1b1b73f,Design patterns,660feb0a6f3688dd93b442cd,2024-04-12 17:00:00,100,69
661ce4a202ac53db241d99a8,6614e25b11f054e6a1b1b740,Design patterns,660feb0a6f3688dd93b442d1,2024-04-11 17:00:00,100,92
661ce4a202ac53db241d99a9,6614e25b11f054e6a1b1b741,Design patterns,660feb0a6f3688dd93b442d5,2024-04-11 17:00:00,100,50
661ce4a202ac53db241d99aa,6614e25b11f054e6a1b1b742,Design patterns,660feb0a6f3688dd93b442d8,2024-04-12 17:00:00,100,90
661ce4a202ac53db241d99ab,6614e25b11f054e6a1b1b743,Design patterns,660feb0a6f3688dd93b442db,2024-04-10 17:00:00,100,34
661ce4a202ac53db241d99ac,6614e25b11f054e6a1b1b744,Design patterns,660feb0a6f3688dd93b442de,2024-04-12 17:00:00,100,75
661ce4a302ac53db241d99ad,6614e25b11f054e6a1b1b745,Design patterns,660feb0a6f3688dd93b442e0,2024-04-12 17:00:00,100,84
661ce4a302ac53db241d99ae,6614e25b11f054e6a1b1b746,Design patterns,660feb0a6f3688dd93b442e4,2024-04-11 17:00:00,100,48
661ce4a302ac53db241d99af,6614e25b11f054e6a1b1b747,Design patterns,660feb0a6f3688dd93b442e8,2024-04-12 17:00:00,100,84
661ce4a302ac53db241d99b0,6614e25b11f054e6a1b1b748,Design patterns,660feb0a6f3688dd93b442e9,2024-04-11 17:00:00,100,55
661ce4a302ac53db241d99b1,6614e25b11f054e6a1b1b749,Design patterns,660feb0a6f3688dd93b442ea,2024-04-11 17:00:00,100,95
661ce4a302ac53db241d99b2,6614e25b11f054e6a1b1b74a,Design patterns,660feb0a6f3688dd93b442eb,2024-04-11 17:00:00,100,47
661ce4a302ac53db241d99b3,6614e25b11f054e6a1b1b74b,Design patterns,660feb0a6f3688dd93b442ee,2024-04-12 17:00:00,100,43
661ce4a302ac53db241d99b4,6614e25b11f054e6a1b1b74c,Design patterns,660feb0a6f3688dd93b442f1,2024-04-12 17:00:00,100,88
661ce4a302ac53db241d99b5,6614e25b11f054e6a1b1b74d,Design patterns,660feb0a6f3688dd93b442f6,2024-04-12 17:00:00,100,75
661ce4a302ac53db241d99b6,6614e25b11f054e6a1b1b74e,Design patterns,660feb0a6f3688dd93b442fb,2024-04-12 17:00:00,100,95
661ce4a302ac53db241d99b7,6614e25b11f054e6a1b1b74f,Design patterns,661224230ccdccd17b1e084c,2024-04-12 17:00:00,100,44
661ce4a302ac53db241d99b8,6614e25b11f054e6a1b1b750,Design patterns,6613726b575d5b967ace46b4,2024-04-11 17:00:00,100,73
661ce4a302ac53db241d99b9,66162344e50718065889523a,Continuous integration/continuous deployment (CI/CD),660fe8a86f3688dd93b36678,2024-04-12 17:00:00,100,54
661ce4a302ac53db241d99ba,66162344e50718065889523b,Continuous integration/continuous deployment (CI/CD),660fe8a86f3688dd93b36680,2024-04-12 17:00:00,100,63
661ce4a302ac53db241d99bb,66162344e50718065889523c,Continuous integration/continuous deployment (CI/CD),660fe8a86f3688dd93b3667e,2024-04-11 17:00:00,100,34
661ce4a302ac53db241d99bc,66162344e50718065889523d,Continuous integration/continuous deployment (CI/CD),660fe8a86f3688dd93b3667a,2024-04-13 17:00:00,100,38
661ce4a302ac53db241d99bd,66162344e50718065889523e,Continuous integration/continuous deployment (CI/CD),660fe8a86f3688dd93b36679,2024-04-11 17:00:00,100,99
661ce4a302ac53db241d99be,66162344e50718065889523f,Continuous integration/continuous deployment (CI/CD),660fe8a86f3688dd93b3667b,2024-04-12 17:00:00,100,80
661ce4a302ac53db241d99bf,66162344e507180658895240,Continuous integration/continuous deployment (CI/CD),660fe8a86f3688dd93b3667c,2024-04-13 17:00:00,100,40
661ce4a302ac53db241d99c0,66162344e507180658895241,Continuous integration/continuous deployment (CI/CD),660fe8a86f3688dd93b3667d,2024-04-11 17:00:00,100,92
661ce4a302ac53db241d99c1,66162344e507180658895242,Continuous integration/continuous deployment (CI/CD),660fe8a86f3688dd93b3667f,2024-04-13 17:00:00,100,48
661ce4a302ac53db241d99c2,66162344e507180658895243,Continuous integration/continuous deployment (CI/CD),660fe8a86f3688dd93b36681,2024-04-13 17:00:00,100,47
661ce4a402ac53db241d99c3,66162344e507180658895244,Continuous integration/continuous deployment (CI/CD),660fe8a86f3688dd93b36682,2024-04-13 17:00:00,100,95
661ce4a402ac53db241d99c4,66162344e507180658895245,Continuous integration/continuous deployment (CI/CD),660fe8a86f3688dd93b36688,2024-04-13 17:00:00,100,75
661ce4a402ac53db241d99c5,66162344e507180658895246,Continuous integration/continuous deployment (CI/CD),660fe8a86f3688dd93b3668d,2024-04-11 17:00:00,100,34
661ce4a402ac53db241d99c6,66162344e507180658895247,Continuous integration/continuous deployment (CI/CD),660fe8a86f3688dd93b3668f,2024-04-13 17:00:00,100,87
661ce4a402ac53db241d99c7,66162344e507180658895248,Continuous integration/continuous deployment (CI/CD),660fe8a86f3688dd93b36690,2024-04-11 17:00:00,100,71
661ce4a402ac53db241d99c8,66162344e507180658895249,Continuous integration/continuous deployment (CI/CD),660fe8a86f3688dd93b36691,2024-04-13 17:00:00,100,47
661ce4a402ac53db241d99c9,66162344e50718065889524a,Continuous integration/continuous deployment (CI/CD),660fe8a86f3688dd93b36692,2024-04-12 17:00:00,100,51
661ce4a402ac53db241d99ca,66162344e50718065889524b,Continuous integration/continuous deployment (CI/CD),660fe8a86f3688dd93b36695,2024-04-12 17:00:00,100,54
661ce4a402ac53db241d99cb,66162344e50718065889524c,Continuous integration/continuous deployment (CI/CD),660fe8a86f3688dd93b36698,2024-04-12 17:00:00,100,36
661ce4a402ac53db241d99cc,66162344e50718065889524d,Continuous integration/continuous deployment (CI/CD),660fe8a86f3688dd93b36699,2024-04-12 17:00:00,100,93
661ce4a402ac53db241d99cd,66162344e50718065889524e,Continuous integration/continuous deployment (CI/CD),660fe8a86f3688dd93b3669a,2024-04-11 17:00:00,100,73
661ce4a402ac53db241d99ce,66162344e50718065889524f,Continuous integration/continuous deployment (CI/CD),660fe8a86f3688dd93b36685,2024-04-13 17:00:00,100,73
661ce4a402ac53db241d99cf,66162344e507180658895250,Continuous integration/continuous deployment (CI/CD),660fe8a86f3688dd93b36686,2024-04-13 17:00:00,100,73
661ce4a402ac53db241d99d0,66162344e507180658895251,Continuous integration/continuous deployment (CI/CD),660fe8a86f3688dd93b36689,2024-04-11 17:00:00,100,83
661ce4a402ac53db241d99d1,66162344e507180658895252,Continuous integration/continuous deployment (CI/CD),660fe8a86f3688dd93b3668a,2024-04-13 17:00:00,100,68
661ce4a402ac53db241d99d2,66162344e507180658895253,Continuous integration/continuous deployment (CI/CD),660fe8a86f3688dd93b3668b,2024-04-12 17:00:00,100,46
661ce4a402ac53db241d99d3,66162344e507180658895254,Continuous integration/continuous deployment (CI/CD),660fe8a86f3688dd93b3668e,2024-04-13 17:00:00,100,46
661ce4a402ac53db241d99d4,66162345e507180658895255,Continuous integration/continuous deployment (CI/CD),660fe8a86f3688dd93b36696,2024-04-12 17:00:00,100,40
661ce4a402ac53db241d99d5,66162345e507180658895256,Continuous integration/continuous deployment (CI/CD),660fe8a86f3688dd93b36684,2024-04-12 17:00:00,100,86
661ce4a402ac53db241d99d6,66162345e507180658895257,Continuous integration/continuous deployment (CI/CD),660fe8a86f3688dd93b36693,2024-04-13 17:00:00,100,61
661ce4a402ac53db241d99d7,66162345e507180658895258,Continuous integration/continuous deployment (CI/CD),660fe8a86f3688dd93b36697,2024-04-11 17:00:00,100,74
661ce4a502ac53db241d99d8,66162345e507180658895259,Continuous integration/continuous deployment (CI/CD),660fe8a86f3688dd93b3669b,2024-04-11 17:00:00,100,64
661ce4a502ac53db241d99d9,66162345e50718065889525a,Continuous integration/continuous deployment (CI/CD),660fe8a86f3688dd93b36683,2024-04-12 17:00:00,100,35
661ce4a502ac53db241d99da,66162345e50718065889525b,Continuous integration/continuous deployment (CI/CD),660fe8a86f3688dd93b36687,2024-04-13 17:00:00,100,66
661ce4a502ac53db241d99db,66162345e50718065889525c,Continuous integration/continuous deployment (CI/CD),660fe8a86f3688dd93b3668c,2024-04-12 17:00:00,100,59
661ce4a502ac53db241d99dc,66162345e50718065889525d,Continuous integration/continuous deployment (CI/CD),660fe8a86f3688dd93b36694,2024-04-13 17:00:00,100,78
661ce4a502ac53db241d99dd,66162345e50718065889525e,Continuous integration/continuous deployment (CI/CD),660fe8a86f3688dd93b3669c,2024-04-11 17:00:00,100,81
661ce4a502ac53db241d99de,66162345e50718065889525f,Continuous integration/continuous deployment (CI/CD),660feb0a6f3688dd93b442ca,2024-04-11 17:00:00,100,95
661ce4a502ac53db241d99df,66162345e507180658895260,Continuous integration/continuous deployment (CI/CD),660feb0a6f3688dd93b442c3,2024-04-11 17:00:00,100,86
661ce4a502ac53db241d99e0,66162345e507180658895261,Continuous integration/continuous deployment (CI/CD),660feb0a6f3688dd93b442cb,2024-04-13 17:00:00,100,54
661ce4a502ac53db241d99e1,66162345e507180658895262,Continuous integration/continuous deployment (CI/CD),660feb0a6f3688dd93b442cc,2024-04-12 17:00:00,100,37
661ce4a502ac53db241d99e2,66162345e507180658895263,Continuous integration/continuous deployment (CI/CD),660feb0a6f3688dd93b442d4,2024-04-11 17:00:00,100,90
661ce4a502ac53db241d99e3,66162345e507180658895264,Continuous integration/continuous deployment (CI/CD),660feb0a6f3688dd93b442d7,2024-04-13 17:00:00,100,84
661ce4a502ac53db241d99e4,66162345e507180658895265,Continuous integration/continuous deployment (CI/CD),660feb0a6f3688dd93b442dc,2024-04-11 17:00:00,100,77
661ce4a502ac53db241d99e5,66162345e507180658895266,Continuous integration/continuous deployment (CI/CD),660feb0a6f3688dd93b442dd,2024-04-12 17:00:00,100,61
661ce4a502ac53db241d99e6,66162345e507180658895267,Continuous integration/continuous deployment (CI/CD),660feb0a6f3688dd93b442e1,2024-04-11 17:00:00,100,98
661ce4a502ac53db241d99e7,66162345e507180658895268,Continuous integration/continuous deployment (CI/CD),660feb0a6f3688dd93b442e7,2024-04-12 17:00:00,100,92
661ce4a502ac53db241d99e8,66162345e507180658895269,Continuous integration/continuous deployment (CI/CD),660feb0a6f3688dd93b442f2,2024-04-13 17:00:00,100,92
661ce4a502ac53db241d99e9,66162345e50718065889526a,Continuous integration/continuous deployment (CI/CD),660feb0a6f3688dd93b442f4,2024-04-13 17:00:00,100,80
661ce4a502ac53db241d99ea,66162345e50718065889526b,Continuous integration/continuous deployment (CI/CD),660feb0a6f3688dd93b442fa,2024-04-11 17:00:00,100,66
661ce4a502ac53db241d99eb,66162345e50718065889526c,Continuous integration/continuous deployment (CI/CD),660feb0a6f3688dd93b442ce,2024-04-13 17:00:00,100,92
661ce4a502ac53db241d99ec,66162345e50718065889526d,Continuous integration/continuous deployment (CI/CD),660feb0a6f3688dd93b442d0,2024-04-12 17:00:00,100,51
661ce4a502ac53db241d99ed,66162345e50718065889526e,Continuous integration/continuous deployment (CI/CD),660feb0a6f3688dd93b442df,2024-04-13 17:00:00,100,73
661ce4a602ac53db241d99ee,66162345e50718065889526f,Continuous integration/continuous deployment (CI/CD),660feb0a6f3688dd93b442e3,2024-04-12 17:00:00,100,72
661ce4a602ac53db241d99ef,66162345e507180658895270,Continuous integration/continuous deployment (CI/CD),660feb0a6f3688dd93b442e5,2024-04-11 17:00:00,100,55
661ce4a602ac53db241d99f0,66162345e507180658895271,Continuous integration/continuous deployment (CI/CD),660feb0a6f3688dd93b442e6,2024-04-11 17:00:00,100,30
661ce4a602ac53db241d99f1,66162345e507180658895272,Continuous integration/continuous deployment (CI/CD),660feb0a6f3688dd93b442ec,2024-04-13 17:00:00,100,62
661ce4a602ac53db241d99f2,66162345e507180658895273,Continuous integration/continuous deployment (CI/CD),660feb0a6f3688dd93b442ed,2024-04-11 17:00:00,100,57
661ce4a602ac53db241d99f3,66162345e507180658895274,Continuous integration/continuous deployment (CI/CD),660feb0a6f3688dd93b442ef,2024-04-12 17:00:00,100,73
661ce4a602ac53db241d99f4,66162345e507180658895275,Continuous integration/continuous deployment (CI/CD),660feb0a6f3688dd93b442f0,2024-04-12 17:00:00,100,66
661ce4a602ac53db241d99f5,66162345e507180658895276,Continuous integration/continuous deployment (CI/CD),660feb0a6f3688dd93b442f7,2024-04-11 17:00:00,100,74
661ce4a602ac53db241d99f6,66162345e507180658895277,Continuous integration/continuous deployment (CI/CD),660feb0a6f3688dd93b442fd,2024-04-12 17:00:00,100,39
661ce4a602ac53db241d99f7,66162345e507180658895278,Continuous integration/continuous deployment (CI/CD),660feb0a6f3688dd93b442c0,2024-04-13 17:00:00,100,76
661ce4a602ac53db241d99f8,66162345e507180658895279,Continuous integration/continuous deployment (CI/CD),660feb0a6f3688dd93b442c2,2024-04-12 17:00:00,100,67
661ce4a602ac53db241d99f9,66162345e50718065889527a,Continuous integration/continuous deployment (CI/CD),660feb0a6f3688dd93b442c5,2024-04-11 17:00:00,100,89
661ce4a602ac53db241d99fa,66162345e50718065889527b,Continuous integration/continuous deployment (CI/CD),660feb0a6f3688dd93b442cf,2024-04-11 17:00:00,100,72
661ce4a602ac53db241d99fb,66162345e50718065889527c,Continuous integration/continuous deployment (CI/CD),660feb0a6f3688dd93b442d2,2024-04-13 17:00:00,100,80
661ce4a602ac53db241d99fc,66162345e50718065889527d,Continuous integration/continuous deployment (CI/CD),660feb0a6f3688dd93b442d3,2024-04-11 17:00:00,100,85
661ce4a602ac53db241d99fd,66162345e50718065889527e,Continuous integration/continuous deployment (CI/CD),660feb0a6f3688dd93b442d6,2024-04-13 17:00:00,100,96
661ce4a602ac53db241d99fe,66162346e50718065889527f,Continuous integration/continuous deployment (CI/CD),660feb0a6f3688dd93b442d9,2024-04-11 17:00:00,100,40
661ce4a602ac53db241d99ff,66162346e507180658895280,Continuous integration/continuous deployment (CI/CD),660feb0a6f3688dd93b442da,2024-04-12 17:00:00,100,48
661ce4a602ac53db241d9a00,66162346e507180658895281,Continuous integration/continuous deployment (CI/CD),660feb0a6f3688dd93b442e2,2024-04-13 17:00:00,100,90
661ce4a602ac53db241d9a01,66162346e507180658895282,Continuous integration/continuous deployment (CI/CD),660feb0a6f3688dd93b442f3,2024-04-11 17:00:00,100,30
661ce4a602ac53db241d9a02,66162346e507180658895283,Continuous integration/continuous deployment (CI/CD),660feb0a6f3688dd93b442f5,2024-04-13 17:00:00,100,76
661ce4a702ac53db241d9a03,66162346e507180658895284,Continuous integration/continuous deployment (CI/CD),660feb0a6f3688dd93b442f8,2024-04-11 17:00:00,100,86
661ce4a702ac53db241d9a04,66162346e507180658895285,Continuous integration/continuous deployment (CI/CD),660feb0a6f3688dd93b442f9,2024-04-12 17:00:00,100,57
661ce4a702ac53db241d9a05,66162346e507180658895286,Continuous integration/continuous deployment (CI/CD),660feb0a6f3688dd93b442fc,2024-04-11 17:00:00,100,89
661ce4a702ac53db241d9a06,66162346e507180658895287,Continuous integration/continuous deployment (CI/CD),660feb0a6f3688dd93b442c1,2024-04-13 17:00:00,100,67
661ce4a702ac53db241d9a07,66162346e507180658895288,Continuous integration/continuous deployment (CI/CD),660feb0a6f3688dd93b442c4,2024-04-11 17:00:00,100,53
661ce4a702ac53db241d9a08,66162346e507180658895289,Continuous integration/continuous deployment (CI/CD),660feb0a6f3688dd93b442c6,2024-04-13 17:00:00,100,99
661ce4a702ac53db241d9a09,66162346e50718065889528a,Continuous integration/continuous deployment (CI/CD),660feb0a6f3688dd93b442c7,2024-04-13 17:00:00,100,84
661ce4a702ac53db241d9a0a,66162346e50718065889528b,Continuous integration/continuous deployment (CI/CD),660feb0a6f3688dd93b442c8,2024-04-13 17:00:00,100,92
661ce4a702ac53db241d9a0b,66162346e50718065889528c,Continuous integration/continuous deployment (CI/CD),660feb0a6f3688dd93b442c9,2024-04-13 17:00:00,100,49
661ce4a702ac53db241d9a0c,66162346e50718065889528d,Continuous integration/continuous deployment (CI/CD),660feb0a6f3688dd93b442cd,2024-04-12 17:00:00,100,86
661ce4a702ac53db241d9a0d,66162346e50718065889528e,Continuous integration/continuous deployment (CI/CD),660feb0a6f3688dd93b442d1,2024-04-12 17:00:00,100,50
661ce4a702ac53db241d9a0e,66162346e50718065889528f,Continuous integration/continuous deployment (CI/CD),660feb0a6f3688dd93b442d5,2024-04-12 17:00:00,100,94
661ce4a702ac53db241d9a0f,66162346e507180658895290,Continuous integration/continuous deployment (CI/CD),660feb0a6f3688dd93b442d8,2024-04-12 17:00:00,100,90
661ce4a702ac53db241d9a10,66162346e507180658895291,Continuous integration/continuous deployment (CI/CD),660feb0a6f3688dd93b442db,2024-04-12 17:00:00,100,54
661ce4a702ac53db241d9a11,66162346e507180658895292,Continuous integration/continuous deployment (CI/CD),660feb0a6f3688dd93b442de,2024-04-11 17:00:00,100,65
661ce4a702ac53db241d9a12,66162346e507180658895293,Continuous integration/continuous deployment (CI/CD),660feb0a6f3688dd93b442e0,2024-04-12 17:00:00,100,35
661ce4a702ac53db241d9a13,66162346e507180658895294,Continuous integration/continuous deployment (CI/CD),660feb0a6f3688dd93b442e4,2024-04-13 17:00:00,100,45
661ce4a702ac53db241d9a14,66162346e507180658895295,Continuous integration/continuous deployment (CI/CD),660feb0a6f3688dd93b442e8,2024-04-11 17:00:00,100,40
661ce4a702ac53db241d9a15,66162346e507180658895296,Continuous integration/continuous deployment (CI/CD),660feb0a6f3688dd93b442e9,2024-04-13 17:00:00,100,40
661ce4a702ac53db241d9a16,66162346e507180658895297,Continuous integration/continuous deployment (CI/CD),660feb0a6f3688dd93b442ea,2024-04-13 17:00:00,100,75
661ce4a702ac53db241d9a17,66162346e507180658895298,Continuous integration/continuous deployment (CI/CD),660feb0a6f3688dd93b442eb,2024-04-13 17:00:00,100,50
661ce4a702ac53db241d9a18,66162346e507180658895299,Continuous integration/continuous deployment (CI/CD),660feb0a6f3688dd93b442ee,2024-04-13 17:00:00,100,46
661ce4a802ac53db241d9a19,66162346e50718065889529a,Continuous integration/continuous deployment (CI/CD),660feb0a6f3688dd93b442f1,2024-04-12 17:00:00,100,69
661ce4a802ac53db241d9a1a,66162346e50718065889529b,Continuous integration/continuous deployment (CI/CD),660feb0a6f3688dd93b442f6,2024-04-12 17:00:00,100,37
661ce4a802ac53db241d9a1b,66162346e50718065889529c,Continuous integration/continuous deployment (CI/CD),660feb0a6f3688dd93b442fb,2024-04-13 17:00:00,100,55
661ce4a802ac53db241d9a1c,66162346e50718065889529d,Continuous integration/continuous deployment (CI/CD),661224230ccdccd17b1e084c,2024-04-11 17:00:00,100,52
661ce4a802ac53db241d9a1d,66162346e50718065889529e,Continuous integration/continuous deployment (CI/CD),6613726b575d5b967ace46b4,2024-04-13 17:00:00,100,65
661ce4a802ac53db241d9a1e,66179ebae0f186f80493240a,Version control (Git),660fe8a86f3688dd93b36678,2024-04-13 16:00:00,100,38
661ce4a802ac53db241d9a1f,66179ebbe0f186f80493240b,Version control (Git),660fe8a86f3688dd93b36680,2024-04-14 16:00:00,100,83
661ce4a802ac53db241d9a20,66179ebbe0f186f80493240c,Version control (Git),660fe8a86f3688dd93b3667e,2024-04-12 16:00:00,100,89
661ce4a802ac53db241d9a21,66179ebbe0f186f80493240d,Version control (Git),660fe8a86f3688dd93b3667a,2024-04-12 16:00:00,100,71
661ce4a802ac53db241d9a22,66179ebbe0f186f80493240e,Version control (Git),660fe8a86f3688dd93b36679,2024-04-13 16:00:00,100,37
661ce4a802ac53db241d9a23,66179ebbe0f186f80493240f,Version control (Git),660fe8a86f3688dd93b3667b,2024-04-13 16:00:00,100,34
661ce4a802ac53db241d9a24,66179ebbe0f186f804932410,Version control (Git),660fe8a86f3688dd93b3667c,2024-04-14 16:00:00,100,47
661ce4a802ac53db241d9a25,66179ebbe0f186f804932411,Version control (Git),660fe8a86f3688dd93b3667d,2024-04-14 16:00:00,100,60
661ce4a802ac53db241d9a26,66179ebbe0f186f804932412,Version control (Git),660fe8a86f3688dd93b3667f,2024-04-13 16:00:00,100,90
661ce4a802ac53db241d9a27,66179ebbe0f186f804932413,Version control (Git),660fe8a86f3688dd93b36681,2024-04-12 16:00:00,100,90
661ce4a802ac53db241d9a28,66179ebbe0f186f804932414,Version control (Git),660fe8a86f3688dd93b36682,2024-04-14 16:00:00,100,72
661ce4a802ac53db241d9a29,66179ebce0f186f804932415,Version control (Git),660fe8a86f3688dd93b36688,2024-04-14 16:00:00,100,94
661ce4a802ac53db241d9a2a,66179ebce0f186f804932416,Version control (Git),660fe8a86f3688dd93b3668d,2024-04-14 16:00:00,100,49
661ce4a802ac53db241d9a2b,66179ebce0f186f804932417,Version control (Git),660fe8a86f3688dd93b3668f,2024-04-13 16:00:00,100,33
661ce4a802ac53db241d9a2c,66179ebce0f186f804932418,Version control (Git),660fe8a86f3688dd93b36690,2024-04-14 16:00:00,100,74
661ce4a802ac53db241d9a2d,66179ebce0f186f804932419,Version control (Git),660fe8a86f3688dd93b36691,2024-04-13 16:00:00,100,34
661ce4a802ac53db241d9a2e,66179ebce0f186f80493241a,Version control (Git),660fe8a86f3688dd93b36692,2024-04-12 16:00:00,100,84
661ce4a902ac53db241d9a2f,66179ebce0f186f80493241b,Version control (Git),660fe8a86f3688dd93b36695,2024-04-14 16:00:00,100,32
661ce4a902ac53db241d9a30,66179ebce0f186f80493241c,Version control (Git),660fe8a86f3688dd93b36698,2024-04-13 16:00:00,100,40
661ce4a902ac53db241d9a31,66179ebce0f186f80493241d,Version control (Git),660fe8a86f3688dd93b36699,2024-04-14 16:00:00,100,82
661ce4a902ac53db241d9a32,66179ebce0f186f80493241e,Version control (Git),660fe8a86f3688dd93b3669a,2024-04-12 16:00:00,100,70
661ce4a902ac53db241d9a33,66179ebce0f186f80493241f,Version control (Git),660fe8a86f3688dd93b36685,2024-04-12 16:00:00,100,91
661ce4a902ac53db241d9a34,66179ebce0f186f804932420,Version control (Git),660fe8a86f3688dd93b36686,2024-04-13 16:00:00,100,59
661ce4a902ac53db241d9a35,66179ebce0f186f804932421,Version control (Git),660fe8a86f3688dd93b36689,2024-04-14 16:00:00,100,68
661ce4a902ac53db241d9a36,66179ebce0f186f804932422,Version control (Git),660fe8a86f3688dd93b3668a,2024-04-14 16:00:00,100,43
661ce4a902ac53db241d9a37,66179ebde0f186f804932423,Version control (Git),660fe8a86f3688dd93b3668b,2024-04-12 16:00:00,100,44
661ce4a902ac53db241d9a38,66179ebde0f186f804932424,Version control (Git),660fe8a86f3688dd93b3668e,2024-04-12 16:00:00,100,81
661ce4a902ac53db241d9a39,66179ebde0f186f804932425,Version control (Git),660fe8a86f3688dd93b36696,2024-04-14 16:00:00,100,38
661ce4a902ac53db241d9a3a,66179ebde0f186f804932426,Version control (Git),660fe8a86f3688dd93b36684,2024-04-13 16:00:00,100,95
661ce4a902ac53db241d9a3b,66179ebde0f186f804932427,Version control (Git),660fe8a86f3688dd93b36693,2024-04-14 16:00:00,100,100
661ce4a902ac53db241d9a3c,66179ebde0f186f804932428,Version control (Git),660fe8a86f3688dd93b36697,2024-04-12 16:00:00,100,51
661ce4a902ac53db241d9a3d,66179ebde0f186f804932429,Version control (Git),660fe8a86f3688dd93b3669b,2024-04-13 16:00:00,100,48
661ce4a902ac53db241d9a3e,66179ebde0f186f80493242a,Version control (Git),660fe8a86f3688dd93b36683,2024-04-12 16:00:00,100,65
661ce4a902ac53db241d9a3f,66179ebde0f186f80493242b,Version control (Git),660fe8a86f3688dd93b36687,2024-04-14 16:00:00,100,52
661ce4a902ac53db241d9a40,66179ebde0f186f80493242c,Version control (Git),660fe8a86f3688dd93b3668c,2024-04-13 16:00:00,100,94
661ce4a902ac53db241d9a41,66179ebde0f186f80493242d,Version control (Git),660fe8a86f3688dd93b36694,2024-04-13 16:00:00,100,98
661ce4a902ac53db241d9a42,66179ebde0f186f80493242e,Version control (Git),660fe8a86f3688dd93b3669c,2024-04-13 16:00:00,100,79
661ce4a902ac53db241d9a43,66179ebde0f186f80493242f,Version control (Git),660feb0a6f3688dd93b442ca,2024-04-13 16:00:00,100,96
661ce4a902ac53db241d9a44,66179ebde0f186f804932430,Version control (Git),660feb0a6f3688dd93b442c3,2024-04-13 16:00:00,100,53
661ce4aa02ac53db241d9a45,66179ebde0f186f804932431,Version control (Git),660feb0a6f3688dd93b442cb,2024-04-13 16:00:00,100,90
661ce4aa02ac53db241d9a46,66179ebee0f186f804932432,Version control (Git),660feb0a6f3688dd93b442cc,2024-04-12 16:00:00,100,50
661ce4aa02ac53db241d9a47,66179ebee0f186f804932433,Version control (Git),660feb0a6f3688dd93b442d4,2024-04-14 16:00:00,100,90
661ce4aa02ac53db241d9a48,66179ebee0f186f804932434,Version control (Git),660feb0a6f3688dd93b442d7,2024-04-13 16:00:00,100,63
661ce4aa02ac53db241d9a49,66179ebee0f186f804932435,Version control (Git),660feb0a6f3688dd93b442dc,2024-04-12 16:00:00,100,57
661ce4aa02ac53db241d9a4a,66179ebee0f186f804932436,Version control (Git),660feb0a6f3688dd93b442dd,2024-04-13 16:00:00,100,50
661ce4aa02ac53db241d9a4b,66179ebee0f186f804932437,Version control (Git),660feb0a6f3688dd93b442e1,2024-04-12 16:00:00,100,84
661ce4aa02ac53db241d9a4c,66179ebee0f186f804932438,Version control (Git),660feb0a6f3688dd93b442e7,2024-04-13 16:00:00,100,78
661ce4aa02ac53db241d9a4d,66179ebee0f186f804932439,Version control (Git),660feb0a6f3688dd93b442f2,2024-04-13 16:00:00,100,58
661ce4aa02ac53db241d9a4e,66179ebee0f186f80493243a,Version control (Git),660feb0a6f3688dd93b442f4,2024-04-12 16:00:00,100,77
661ce4aa02ac53db241d9a4f,66179ebee0f186f80493243b,Version control (Git),660feb0a6f3688dd93b442fa,2024-04-13 16:00:00,100,73
661ce4aa02ac53db241d9a50,66179ebee0f186f80493243c,Version control (Git),660feb0a6f3688dd93b442ce,2024-04-13 16:00:00,100,56
661ce4aa02ac53db241d9a51,66179ebfe0f186f80493243d,Version control (Git),660feb0a6f3688dd93b442d0,2024-04-14 16:00:00,100,37
661ce4aa02ac53db241d9a52,66179ebfe0f186f80493243e,Version control (Git),660feb0a6f3688dd93b442df,2024-04-14 16:00:00,100,61
661ce4aa02ac53db241d9a53,66179ebfe0f186f80493243f,Version control (Git),660feb0a6f3688dd93b442e3,2024-04-12 16:00:00,100,32
661ce4aa02ac53db241d9a54,66179ebfe0f186f804932440,Version control (Git),660feb0a6f3688dd93b442e5,2024-04-13 16:00:00,100,89
661ce4aa02ac53db241d9a55,66179ebfe0f186f804932441,Version control (Git),660feb0a6f3688dd93b442e6,2024-04-14 16:00:00,100,45
661ce4aa02ac53db241d9a56,66179ebfe0f186f804932442,Version control (Git),660feb0a6f3688dd93b442ec,2024-04-13 16:00:00,100,74
661ce4aa02ac53db241d9a57,66179ebfe0f186f804932443,Version control (Git),660feb0a6f3688dd93b442ed,2024-04-14 16:00:00,100,82
661ce4aa02ac53db241d9a58,66179ebfe0f186f804932444,Version control (Git),660feb0a6f3688dd93b442ef,2024-04-12 16:00:00,100,31
661ce4aa02ac53db241d9a59,66179ebfe0f186f804932445,Version control (Git),660feb0a6f3688dd93b442f0,2024-04-13 16:00:00,100,99
661ce4aa02ac53db241d9a5a,66179ebfe0f186f804932446,Version control (Git),660feb0a6f3688dd93b442f7,2024-04-14 16:00:00,100,32
661ce4ab02ac53db241d9a5b,66179ebfe0f186f804932447,Version control (Git),660feb0a6f3688dd93b442fd,2024-04-14 16:00:00,100,39
661ce4ab02ac53db241d9a5c,66179ebfe0f186f804932448,Version control (Git),660feb0a6f3688dd93b442c0,2024-04-12 16:00:00,100,35
661ce4ab02ac53db241d9a5d,66179ebfe0f186f804932449,Version control (Git),660feb0a6f3688dd93b442c2,2024-04-13 16:00:00,100,34
661ce4ab02ac53db241d9a5e,66179ec0e0f186f80493244a,Version control (Git),660feb0a6f3688dd93b442c5,2024-04-13 16:00:00,100,69
661ce4ab02ac53db241d9a5f,66179ec0e0f186f80493244b,Version control (Git),660feb0a6f3688dd93b442cf,2024-04-12 16:00:00,100,84
661ce4ab02ac53db241d9a60,66179ec0e0f186f80493244c,Version control (Git),660feb0a6f3688dd93b442d2,2024-04-13 16:00:00,100,46
661ce4ab02ac53db241d9a61,66179ec0e0f186f80493244d,Version control (Git),660feb0a6f3688dd93b442d3,2024-04-12 16:00:00,100,78
661ce4ab02ac53db241d9a62,66179ec0e0f186f80493244e,Version control (Git),660feb0a6f3688dd93b442d6,2024-04-12 16:00:00,100,98
661ce4ab02ac53db241d9a63,66179ec0e0f186f80493244f,Version control (Git),660feb0a6f3688dd93b442d9,2024-04-13 16:00:00,100,37
661ce4ab02ac53db241d9a64,66179ec0e0f186f804932450,Version control (Git),660feb0a6f3688dd93b442da,2024-04-13 16:00:00,100,60
661ce4ab02ac53db241d9a65,66179ec0e0f186f804932451,Version control (Git),660feb0a6f3688dd93b442e2,2024-04-14 16:00:00,100,72
661ce4ab02ac53db241d9a66,66179ec0e0f186f804932452,Version control (Git),660feb0a6f3688dd93b442f3,2024-04-13 16:00:00,100,48
661ce4ab02ac53db241d9a67,66179ec0e0f186f804932453,Version control (Git),660feb0a6f3688dd93b442f5,2024-04-12 16:00:00,100,56
661ce4ab02ac53db241d9a68,66179ec0e0f186f804932454,Version control (Git),660feb0a6f3688dd93b442f8,2024-04-14 16:00:00,100,52
661ce4ab02ac53db241d9a69,66179ec0e0f186f804932455,Version control (Git),660feb0a6f3688dd93b442f9,2024-04-13 16:00:00,100,84
661ce4ab02ac53db241d9a6a,66179ec1e0f186f804932456,Version control (Git),660feb0a6f3688dd93b442fc,2024-04-13 16:00:00,100,33
661ce4ab02ac53db241d9a6b,66179ec1e0f186f804932457,Version control (Git),660feb0a6f3688dd93b442c1,2024-04-14 16:00:00,100,96
661ce4ab02ac53db241d9a6c,66179ec1e0f186f804932458,Version control (Git),660feb0a6f3688dd93b442c4,2024-04-14 16:00:00,100,32
661ce4ab02ac53db241d9a6d,66179ec1e0f186f804932459,Version control (Git),660feb0a6f3688dd93b442c6,2024-04-13 16:00:00,100,65
661ce4ab02ac53db241d9a6e,66179ec1e0f186f80493245a,Version control (Git),660feb0a6f3688dd93b442c7,2024-04-13 16:00:00,100,98
661ce4ab02ac53db241d9a6f,66179ec1e0f186f80493245b,Version control (Git),660feb0a6f3688dd93b442c8,2024-04-14 16:00:00,100,48
661ce4ac02ac53db241d9a70,66179ec1e0f186f80493245c,Version control (Git),660feb0a6f3688dd93b442c9,2024-04-12 16:00:00,100,65
661ce4ac02ac53db241d9a71,66179ec1e0f186f80493245d,Version control (Git),660feb0a6f3688dd93b442cd,2024-04-13 16:00:00,100,96
661ce4ac02ac53db241d9a72,66179ec1e0f186f80493245e,Version control (Git),660feb0a6f3688dd93b442d1,2024-04-13 16:00:00,100,45
661ce4ac02ac53db241d9a73,66179ec1e0f186f80493245f,Version control (Git),660feb0a6f3688dd93b442d5,2024-04-12 16:00:00,100,64
661ce4ac02ac53db241d9a74,66179ec1e0f186f804932460,Version control (Git),660feb0a6f3688dd93b442d8,2024-04-13 16:00:00,100,96
661ce4ac02ac53db241d9a75,66179ec1e0f186f804932461,Version control (Git),660feb0a6f3688dd93b442db,2024-04-14 16:00:00,100,67
661ce4ac02ac53db241d9a76,66179ec1e0f186f804932462,Version control (Git),660feb0a6f3688dd93b442de,2024-04-14 16:00:00,100,47
661ce4ac02ac53db241d9a77,66179ec1e0f186f804932463,Version control (Git),660feb0a6f3688dd93b442e0,2024-04-13 16:00:00,100,53
661ce4ac02ac53db241d9a78,66179ec1e0f186f804932464,Version control (Git),660feb0a6f3688dd93b442e4,2024-04-13 16:00:00,100,71
661ce4ac02ac53db241d9a79,66179ec1e0f186f804932465,Version control (Git),660feb0a6f3688dd93b442e8,2024-04-13 16:00:00,100,33
661ce4ac02ac53db241d9a7a,66179ec2e0f186f804932466,Version control (Git),660feb0a6f3688dd93b442e9,2024-04-13 16:00:00,100,100
661ce4ac02ac53db241d9a7b,66179ec2e0f186f804932467,Version control (Git),660feb0a6f3688dd93b442ea,2024-04-12 16:00:00,100,75
661ce4ac02ac53db241d9a7c,66179ec2e0f186f804932468,Version control (Git),660feb0a6f3688dd93b442eb,2024-04-14 16:00:00,100,41
661ce4ac02ac53db241d9a7d,66179ec2e0f186f804932469,Version control (Git),660feb0a6f3688dd93b442ee,2024-04-14 16:00:00,100,43
661ce4ac02ac53db241d9a7e,66179ec2e0f186f80493246a,Version control (Git),660feb0a6f3688dd93b442f1,2024-04-14 16:00:00,100,94
661ce4ac02ac53db241d9a7f,66179ec2e0f186f80493246b,Version control (Git),660feb0a6f3688dd93b442f6,2024-04-13 16:00:00,100,72
661ce4ac02ac53db241d9a80,66179ec2e0f186f80493246c,Version control (Git),660feb0a6f3688dd93b442fb,2024-04-13 16:00:00,100,67
661ce4ac02ac53db241d9a81,66179ec2e0f186f80493246d,Version control (Git),661224230ccdccd17b1e084c,2024-04-12 16:00:00,100,34
661ce4ac02ac53db241d9a82,66179ec2e0f186f80493246e,Version control (Git),6613726b575d5b967ace46b4,2024-04-13 16:00:00,100,60
661ce4ac02ac53db241d9a83,6618dbc46c577157ad6fa346,Version control (Git),660fe8a86f3688dd93b36678,2024-04-16 11:00:00,100,39
661ce4ac02ac53db241d9a84,6618dbc46c577157ad6fa347,Version control (Git),660fe8a86f3688dd93b36680,2024-04-16 11:00:00,100,70
661ce4ac02ac53db241d9a85,6618dbc46c577157ad6fa348,Version control (Git),660fe8a86f3688dd93b3667e,2024-04-15 11:00:00,100,86
661ce4ad02ac53db241d9a86,6618dbc46c577157ad6fa349,Version control (Git),660fe8a86f3688dd93b3667a,2024-04-15 11:00:00,100,47
661ce4ad02ac53db241d9a87,6618dbc46c577157ad6fa34a,Version control (Git),660fe8a86f3688dd93b36679,2024-04-14 11:00:00,100,88
661ce4ad02ac53db241d9a88,6618dbc46c577157ad6fa34b,Version control (Git),660fe8a86f3688dd93b3667b,2024-04-15 11:00:00,100,93
661ce4ad02ac53db241d9a89,6618dbc46c577157ad6fa34c,Version control (Git),660fe8a86f3688dd93b3667c,2024-04-16 11:00:00,100,78
661ce4ad02ac53db241d9a8a,6618dbc46c577157ad6fa34d,Version control (Git),660fe8a86f3688dd93b3667d,2024-04-14 11:00:00,100,55
661ce4ad02ac53db241d9a8b,6618dbc46c577157ad6fa34e,Version control (Git),660fe8a86f3688dd93b3667f,2024-04-14 11:00:00,100,38
661ce4ad02ac53db241d9a8c,6618dbc46c577157ad6fa34f,Version control (Git),660fe8a86f3688dd93b36681,2024-04-15 11:00:00,100,72
661ce4ad02ac53db241d9a8d,6618dbc46c577157ad6fa350,Version control (Git),660fe8a86f3688dd93b36682,2024-04-14 11:00:00,100,88
661ce4ad02ac53db241d9a8e,6618dbc46c577157ad6fa351,Version control (Git),660fe8a86f3688dd93b36688,2024-04-14 11:00:00,100,67
661ce4ad02ac53db241d9a8f,6618dbc46c577157ad6fa352,Version control (Git),660fe8a86f3688dd93b3668d,2024-04-15 11:00:00,100,57
661ce4ad02ac53db241d9a90,6618dbc46c577157ad6fa353,Version control (Git),660fe8a86f3688dd93b3668f,2024-04-14 11:00:00,100,55
661ce4ad02ac53db241d9a91,6618dbc46c577157ad6fa354,Version control (Git),660fe8a86f3688dd93b36690,2024-04-15 11:00:00,100,72
661ce4ad02ac53db241d9a92,6618dbc46c577157ad6fa355,Version control (Git),660fe8a86f3688dd93b36691,2024-04-16 11:00:00,100,51
661ce4ad02ac53db241d9a93,6618dbc46c577157ad6fa356,Version control (Git),660fe8a86f3688dd93b36692,2024-04-16 11:00:00,100,53
661ce4ad02ac53db241d9a94,6618dbc46c577157ad6fa357,Version control (Git),660fe8a86f3688dd93b36695,2024-04-16 11:00:00,100,82
661ce4ad02ac53db241d9a95,6618dbc46c577157ad6fa358,Version control (Git),660fe8a86f3688dd93b36698,2024-04-14 11:00:00,100,75
661ce4ad02ac53db241d9a96,6618dbc46c577157ad6fa359,Version control (Git),660fe8a86f3688dd93b36699,2024-04-15 11:00:00,100,52
661ce4ad02ac53db241d9a97,6618dbc46c577157ad6fa35a,Version control (Git),660fe8a86f3688dd93b3669a,2024-04-14 11:00:00,100,77
661ce4ad02ac53db241d9a98,6618dbc46c577157ad6fa35b,Version control (Git),660fe8a86f3688dd93b36685,2024-04-15 11:00:00,100,49
661ce4ad02ac53db241d9a99,6618dbc46c577157ad6fa35c,Version control (Git),660fe8a86f3688dd93b36686,2024-04-15 11:00:00,100,31
661ce4ad02ac53db241d9a9a,6618dbc46c577157ad6fa35d,Version control (Git),660fe8a86f3688dd93b36689,2024-04-14 11:00:00,100,30
661ce4ad02ac53db241d9a9b,6618dbc46c577157ad6fa35e,Version control (Git),660fe8a86f3688dd93b3668a,2024-04-15 11:00:00,100,97
661ce4ae02ac53db241d9a9c,6618dbc46c577157ad6fa35f,Version control (Git),660fe8a86f3688dd93b3668b,2024-04-14 11:00:00,100,63
661ce4ae02ac53db241d9a9d,6618dbc46c577157ad6fa360,Version control (Git),660fe8a86f3688dd93b3668e,2024-04-14 11:00:00,100,99
661ce4ae02ac53db241d9a9e,6618dbc46c577157ad6fa361,Version control (Git),660fe8a86f3688dd93b36696,2024-04-16 11:00:00,100,39
661ce4ae02ac53db241d9a9f,6618dbc46c577157ad6fa362,Version control (Git),660fe8a86f3688dd93b36684,2024-04-16 11:00:00,100,73
661ce4ae02ac53db241d9aa0,6618dbc46c577157ad6fa363,Version control (Git),660fe8a86f3688dd93b36693,2024-04-15 11:00:00,100,31
661ce4ae02ac53db241d9aa1,6618dbc46c577157ad6fa364,Version control (Git),660fe8a86f3688dd93b36697,2024-04-15 11:00:00,100,93
661ce4ae02ac53db241d9aa2,6618dbc46c577157ad6fa365,Version control (Git),660fe8a86f3688dd93b3669b,2024-04-14 11:00:00,100,36
661ce4ae02ac53db241d9aa3,6618dbc46c577157ad6fa366,Version control (Git),660fe8a86f3688dd93b36683,2024-04-14 11:00:00,100,43
661ce4ae02ac53db241d9aa4,6618dbc46c577157ad6fa367,Version control (Git),660fe8a86f3688dd93b36687,2024-04-16 11:00:00,100,73
661ce4ae02ac53db241d9aa5,6618dbc46c577157ad6fa368,Version control (Git),660fe8a86f3688dd93b3668c,2024-04-16 11:00:00,100,58
661ce4ae02ac53db241d9aa6,6618dbc46c577157ad6fa369,Version control (Git),660fe8a86f3688dd93b36694,2024-04-16 11:00:00,100,30
661ce4ae02ac53db241d9aa7,6618dbc46c577157ad6fa36a,Version control (Git),660fe8a86f3688dd93b3669c,2024-04-16 11:00:00,100,53
661ce4ae02ac53db241d9aa8,6618dbc46c577157ad6fa36b,Version control (Git),660feb0a6f3688dd93b442ca,2024-04-15 11:00:00,100,84
661ce4ae02ac53db241d9aa9,6618dbc46c577157ad6fa36c,Version control (Git),660feb0a6f3688dd93b442c3,2024-04-14 11:00:00,100,32
661ce4ae02ac53db241d9aaa,6618dbc46c577157ad6fa36d,Version control (Git),660feb0a6f3688dd93b442cb,2024-04-14 11:00:00,100,55
661ce4ae02ac53db241d9aab,6618dbc46c577157ad6fa36e,Version control (Git),660feb0a6f3688dd93b442cc,2024-04-15 11:00:00,100,60
661ce4ae02ac53db241d9aac,6618dbc46c577157ad6fa36f,Version control (Git),660feb0a6f3688dd93b442d4,2024-04-16 11:00:00,100,58
661ce4ae02ac53db241d9aad,6618dbc46c577157ad6fa370,Version control (Git),660feb0a6f3688dd93b442d7,2024-04-16 11:00:00,100,48
661ce4ae02ac53db241d9aae,6618dbc46c577157ad6fa371,Version control (Git),660feb0a6f3688dd93b442dc,2024-04-15 11:00:00,100,96
661ce4ae02ac53db241d9aaf,6618dbc46c577157ad6fa372,Version control (Git),660feb0a6f3688dd93b442dd,2024-04-16 11:00:00,100,70
661ce4ae02ac53db241d9ab0,6618dbc46c577157ad6fa373,Version control (Git),660feb0a6f3688dd93b442e1,2024-04-14 11:00:00,100,71
661ce4af02ac53db241d9ab1,6618dbc46c577157ad6fa374,Version control (Git),660feb0a6f3688dd93b442e7,2024-04-15 11:00:00,100,57
661ce4af02ac53db241d9ab2,6618dbc46c577157ad6fa375,Version control (Git),660feb0a6f3688dd93b442f2,2024-04-16 11:00:00,100,65
661ce4af02ac53db241d9ab3,6618dbc46c577157ad6fa376,Version control (Git),660feb0a6f3688dd93b442f4,2024-04-16 11:00:00,100,59
661ce4af02ac53db241d9ab4,6618dbc46c577157ad6fa377,Version control (Git),660feb0a6f3688dd93b442fa,2024-04-16 11:00:00,100,60
661ce4af02ac53db241d9ab5,6618dbc46c577157ad6fa378,Version control (Git),660feb0a6f3688dd93b442ce,2024-04-16 11:00:00,100,48
661ce4af02ac53db241d9ab6,6618dbc46c577157ad6fa379,Version control (Git),660feb0a6f3688dd93b442d0,2024-04-16 11:00:00,100,72
661ce4af02ac53db241d9ab7,6618dbc46c577157ad6fa37a,Version control (Git),660feb0a6f3688dd93b442df,2024-04-15 11:00:00,100,81
661ce4af02ac53db241d9ab8,6618dbc46c577157ad6fa37b,Version control (Git),660feb0a6f3688dd93b442e3,2024-04-14 11:00:00,100,68
661ce4af02ac53db241d9ab9,6618dbc46c577157ad6fa37c,Version control (Git),660feb0a6f3688dd93b442e5,2024-04-16 11:00:00,100,75
661ce4af02ac53db241d9aba,6618dbc46c577157ad6fa37d,Version control (Git),660feb0a6f3688dd93b442e6,2024-04-14 11:00:00,100,50
661ce4af02ac53db241d9abb,6618dbc46c577157ad6fa37e,Version control (Git),660feb0a6f3688dd93b442ec,2024-04-16 11:00:00,100,50
661ce4af02ac53db241d9abc,6618dbc46c577157ad6fa37f,Version control (Git),660feb0a6f3688dd93b442ed,2024-04-14 11:00:00,100,84
661ce4af02ac53db241d9abd,6618dbc46c577157ad6fa380,Version control (Git),660feb0a6f3688dd93b442ef,2024-04-16 11:00:00,100,43
661e5ab06cbb713f6c7e02e8,6618dbc46c577157ad6fa381,Version control (Git),660feb0a6f3688dd93b442f0,2024-04-14 11:00:00,100,40
661e5ab06cbb713f6c7e02e9,6618dbc46c577157ad6fa382,Version control (Git),660feb0a6f3688dd93b442f7,2024-04-16 11:00:00,100,44
661e5ab06cbb713f6c7e02ea,6618dbc46c577157ad6fa383,Version control (Git),660feb0a6f3688dd93b442fd,2024-04-14 11:00:00,100,92
661e5ab06cbb713f6c7e02eb,6618dbc46c577157ad6fa384,Version control (Git),660feb0a6f3688dd93b442c0,2024-04-14 11:00:00,100,34
661e5ab06cbb713f6c7e02ec,6618dbc46c577157ad6fa385,Version control (Git),660feb0a6f3688dd93b442c2,2024-04-15 11:00:00,100,38
661e5ab06cbb713f6c7e02ed,6618dbc46c577157ad6fa386,Version control (Git),660feb0a6f3688dd93b442c5,2024-04-16 11:00:00,100,39
661e5ab06cbb713f6c7e02ee,6618dbc46c577157ad6fa387,Version control (Git),660feb0a6f3688dd93b442cf,2024-04-15 11:00:00,100,92
661e5ab06cbb713f6c7e02ef,6618dbc46c577157ad6fa388,Version control (Git),660feb0a6f3688dd93b442d2,2024-04-14 11:00:00,100,38
661e5ab06cbb713f6c7e02f0,6618dbc46c577157ad6fa389,Version control (Git),660feb0a6f3688dd93b442d3,2024-04-16 11:00:00,100,34
661e5ab06cbb713f6c7e02f1,6618dbc46c577157ad6fa38a,Version control (Git),660feb0a6f3688dd93b442d6,2024-04-15 11:00:00,100,86
661e5ab06cbb713f6c7e02f2,6618dbc46c577157ad6fa38b,Version control (Git),660feb0a6f3688dd93b442d9,2024-04-14 11:00:00,100,67
661e5ab16cbb713f6c7e02f3,6618dbc46c577157ad6fa38c,Version control (Git),660feb0a6f3688dd93b442da,2024-04-16 11:00:00,100,43
661e5ab16cbb713f6c7e02f4,6618dbc46c577157ad6fa38d,Version control (Git),660feb0a6f3688dd93b442e2,2024-04-16 11:00:00,100,93
661e5ab16cbb713f6c7e02f5,6618dbc46c577157ad6fa38e,Version control (Git),660feb0a6f3688dd93b442f3,2024-04-14 11:00:00,100,35
661e5ab16cbb713f6c7e02f6,6618dbc46c577157ad6fa38f,Version control (Git),660feb0a6f3688dd93b442f5,2024-04-15 11:00:00,100,65
661e5ab16cbb713f6c7e02f7,6618dbc46c577157ad6fa390,Version control (Git),660feb0a6f3688dd93b442f8,2024-04-16 11:00:00,100,31
661e5ab16cbb713f6c7e02f8,6618dbc46c577157ad6fa391,Version control (Git),660feb0a6f3688dd93b442f9,2024-04-15 11:00:00,100,87
661e5ab16cbb713f6c7e02f9,6618dbc46c577157ad6fa392,Version control (Git),660feb0a6f3688dd93b442fc,2024-04-14 11:00:00,100,56
661e5ab16cbb713f6c7e02fa,6618dbc46c577157ad6fa393,Version control (Git),660feb0a6f3688dd93b442c1,2024-04-15 11:00:00,100,65
661e5ab16cbb713f6c7e02fb,6618dbc46c577157ad6fa394,Version control (Git),660feb0a6f3688dd93b442c4,2024-04-15 11:00:00,100,54
661e5ab16cbb713f6c7e02fc,6618dbc46c577157ad6fa395,Version control (Git),660feb0a6f3688dd93b442c6,2024-04-16 11:00:00,100,47
661e5ab16cbb713f6c7e02fd,6618dbc46c577157ad6fa396,Version control (Git),660feb0a6f3688dd93b442c7,2024-04-16 11:00:00,100,43
661e5ab16cbb713f6c7e02fe,6618dbc46c577157ad6fa397,Version control (Git),660feb0a6f3688dd93b442c8,2024-04-16 11:00:00,100,49
661e5ab16cbb713f6c7e02ff,6618dbc46c577157ad6fa398,Version control (Git),660feb0a6f3688dd93b442c9,2024-04-16 11:00:00,100,55
661e5ab26cbb713f6c7e0300,6618dbc46c577157ad6fa399,Version control (Git),660feb0a6f3688dd93b442cd,2024-04-16 11:00:00,100,32
661e5ab26cbb713f6c7e0301,6618dbc46c577157ad6fa39a,Version control (Git),660feb0a6f3688dd93b442d1,2024-04-16 11:00:00,100,42
661e5ab26cbb713f6c7e0302,6618dbc46c577157ad6fa39b,Version control (Git),660feb0a6f3688dd93b442d5,2024-04-14 11:00:00,100,93
661e5ab26cbb713f6c7e0303,6618dbc46c577157ad6fa39c,Version control (Git),660feb0a6f3688dd93b442d8,2024-04-15 11:00:00,100,37
661e5ab26cbb713f6c7e0304,6618dbc46c577157ad6fa39d,Version control (Git),660feb0a6f3688dd93b442db,2024-04-16 11:00:00,100,69
661e5ab26cbb713f6c7e0305,6618dbc46c577157ad6fa39e,Version control (Git),660feb0a6f3688dd93b442de,2024-04-15 11:00:00,100,42
661e5ab26cbb713f6c7e0306,6618dbc46c577157ad6fa39f,Version control (Git),660feb0a6f3688dd93b442e0,2024-04-16 11:00:00,100,32
661e5ab26cbb713f6c7e0307,6618dbc46c577157ad6fa3a0,Version control (Git),660feb0a6f3688dd93b442e4,2024-04-15 11:00:00,100,39
661e5ab26cbb713f6c7e0308,6618dbc46c577157ad6fa3a1,Version control (Git),660feb0a6f3688dd93b442e8,2024-04-15 11:00:00,100,49
661e5ab26cbb713f6c7e0309,6618dbc46c577157ad6fa3a2,Version control (Git),660feb0a6f3688dd93b442e9,2024-04-15 11:00:00,100,56
661e5ab36cbb713f6c7e030a,6618dbc46c577157ad6fa3a3,Version control (Git),660feb0a6f3688dd93b442ea,2024-04-16 11:00:00,100,41
661e5ab36cbb713f6c7e030b,6618dbc46c577157ad6fa3a4,Version control (Git),660feb0a6f3688dd93b442eb,2024-04-16 11:00:00,100,81
661e5ab36cbb713f6c7e030c,6618dbc46c577157ad6fa3a5,Version control (Git),660feb0a6f3688dd93b442ee,2024-04-16 11:00:00,100,95
661e5ab36cbb713f6c7e030d,6618dbc46c577157ad6fa3a6,Version control (Git),660feb0a6f3688dd93b442f1,2024-04-15 11:00:00,100,69
661e5ab36cbb713f6c7e030e,6618dbc46c577157ad6fa3a7,Version control (Git),660feb0a6f3688dd93b442f6,2024-04-14 11:00:00,100,42
661e5ab36cbb713f6c7e030f,6618dbc46c577157ad6fa3a8,Version control (Git),660feb0a6f3688dd93b442fb,2024-04-15 11:00:00,100,37
661e5ab36cbb713f6c7e0310,6618dbc46c577157ad6fa3a9,Version control (Git),661224230ccdccd17b1e084c,2024-04-16 11:00:00,100,54
661e5ab36cbb713f6c7e0311,6618dbc46c577157ad6fa3aa,Version control (Git),6613726b575d5b967ace46b4,2024-04-14 11:00:00,100,57
661e5ab36cbb713f6c7e0312,661901fca447be03ab123dce,Automation Essentials,66053fefd7c487757f97efbc,2024-04-26 12:40:00,100,74
661e5ab46cbb713f6c7e0313,661901fca447be03ab123dcf,Automation Essentials,660feb0a6f3688dd93b442ff,2024-04-26 12:40:00,100,99
661e5ab46cbb713f6c7e0314,661901fca447be03ab123dd0,Automation Essentials,660feb0a6f3688dd93b443a3,2024-04-25 12:40:00,100,85
661e5ab46cbb713f6c7e0315,661901fca447be03ab123dd1,Automation Essentials,660feb0a6f3688dd93b44314,2024-04-25 12:40:00,100,39
661e5ab46cbb713f6c7e0316,661901fca447be03ab123dd2,Automation Essentials,660feb0a6f3688dd93b44371,2024-04-27 12:40:00,100,94
661e5ab46cbb713f6c7e0317,661901fca447be03ab123dd3,Automation Essentials,660feb0a6f3688dd93b44321,2024-04-26 12:40:00,100,73
661e5ab46cbb713f6c7e0318,661901fca447be03ab123dd4,Automation Essentials,660feb0a6f3688dd93b4439a,2024-04-27 12:40:00,100,64
661e5ab46cbb713f6c7e0319,661901fca447be03ab123dd5,Automation Essentials,660feb0a6f3688dd93b44384,2024-04-27 12:40:00,100,79
661e5ab46cbb713f6c7e031a,661901fca447be03ab123dd6,Automation Essentials,660feb0a6f3688dd93b4435e,2024-04-27 12:40:00,100,61
661e5ab46cbb713f6c7e031b,661901fca447be03ab123dd7,Automation Essentials,660feb0a6f3688dd93b443a5,2024-04-26 12:40:00,100,71
661e5ab46cbb713f6c7e031c,661901fca447be03ab123dd8,Automation Essentials,660feb0a6f3688dd93b4432c,2024-04-27 12:40:00,100,93
661e5ab46cbb713f6c7e031d,661901fca447be03ab123dd9,Automation Essentials,660feb0a6f3688dd93b44388,2024-04-25 12:40:00,100,32
661e5ab46cbb713f6c7e031e,661901fca447be03ab123dda,Automation Essentials,660feb0a6f3688dd93b4432e,2024-04-26 12:40:00,100,52
661e5ab46cbb713f6c7e031f,661901fca447be03ab123ddb,Automation Essentials,660feb0a6f3688dd93b443bb,2024-04-27 12:40:00,100,93
661e5ab56cbb713f6c7e0320,661901fca447be03ab123ddc,Automation Essentials,660feb0a6f3688dd93b443b3,2024-04-27 12:40:00,100,55
661e5ab56cbb713f6c7e0321,661901fca447be03ab123ddd,Automation Essentials,660feb0a6f3688dd93b44393,2024-04-26 12:40:00,100,75
661e5ab56cbb713f6c7e0322,661901fca447be03ab123dde,Automation Essentials,660feb0a6f3688dd93b44323,2024-04-25 12:40:00,100,80
661e5ab56cbb713f6c7e0323,661901fca447be03ab123ddf,Automation Essentials,660feb0a6f3688dd93b44352,2024-04-26 12:40:00,100,80
661e5ab56cbb713f6c7e0324,661901fca447be03ab123de0,Automation Essentials,660feb0a6f3688dd93b4434e,2024-04-27 12:40:00,100,81
661e5ab56cbb713f6c7e0325,661901fca447be03ab123de1,Automation Essentials,660feb0a6f3688dd93b44306,2024-04-26 12:40:00,100,84
661e5ab56cbb713f6c7e0326,661901fca447be03ab123de2,Automation Essentials,660feb0a6f3688dd93b44346,2024-04-25 12:40:00,100,72
661e5ab56cbb713f6c7e0327,661901fca447be03ab123de3,Automation Essentials,660feb0a6f3688dd93b44331,2024-04-25 12:40:00,100,30
661e5ab56cbb713f6c7e0328,661901fca447be03ab123de4,Automation Essentials,660feb0a6f3688dd93b4439b,2024-04-26 12:40:00,100,96
661e5ab56cbb713f6c7e0329,661901fca447be03ab123de5,Automation Essentials,660feb0a6f3688dd93b4433b,2024-04-27 12:40:00,100,96
661e5ab56cbb713f6c7e032a,661901fca447be03ab123de6,Automation Essentials,660feb0a6f3688dd93b4433a,2024-04-26 12:40:00,100,39
661e5ab56cbb713f6c7e032b,661901fca447be03ab123de7,Automation Essentials,660feb0a6f3688dd93b44340,2024-04-25 12:40:00,100,47
661e5ab56cbb713f6c7e032c,661901fca447be03ab123de8,Automation Essentials,660feb0a6f3688dd93b44345,2024-04-26 12:40:00,100,83
661e5ab56cbb713f6c7e032d,661901fca447be03ab123de9,Automation Essentials,660feb0a6f3688dd93b4430b,2024-04-25 12:40:00,100,58
661e5ab66cbb713f6c7e032e,661901fca447be03ab123dea,Automation Essentials,660feb0a6f3688dd93b443af,2024-04-26 12:40:00,100,84
661e5ab66cbb713f6c7e032f,661901fca447be03ab123deb,Automation Essentials,660feb0a6f3688dd93b4430c,2024-04-27 12:40:00,100,99
661e5ab66cbb713f6c7e0330,661901fca447be03ab123dec,Automation Essentials,660feb0a6f3688dd93b443ab,2024-04-25 12:40:00,100,88
661e5ab66cbb713f6c7e0331,661901fca447be03ab123ded,Automation Essentials,660feb0a6f3688dd93b44390,2024-04-26 12:40:00,100,91
661e5ab66cbb713f6c7e0332,661901fca447be03ab123dee,Automation Essentials,660feb0a6f3688dd93b44329,2024-04-26 12:40:00,100,68
661e5ab66cbb713f6c7e0333,661901fca447be03ab123def,Automation Essentials,660feb0a6f3688dd93b443a2,2024-04-25 12:40:00,100,36
661e5ab66cbb713f6c7e0334,661901fca447be03ab123df0,Automation Essentials,660feb0a6f3688dd93b44310,2024-04-27 12:40:00,100,30
661e5ab66cbb713f6c7e0335,661901fca447be03ab123df1,Automation Essentials,660feb0a6f3688dd93b4438d,2024-04-27 12:40:00,100,43
661e5ab66cbb713f6c7e0336,661901fca447be03ab123df2,Automation Essentials,660feb0a6f3688dd93b4438b,2024-04-26 12:40:00,100,54
661e5ab66cbb713f6c7e0337,661901fca447be03ab123df3,Automation Essentials,660feb0a6f3688dd93b44311,2024-04-25 12:40:00,100,45
661e5ab66cbb713f6c7e0338,661901fca447be03ab123df4,Automation Essentials,660feb0a6f3688dd93b4431b,2024-04-27 12:40:00,100,69
661e5ab66cbb713f6c7e0339,661901fca447be03ab123df5,Automation Essentials,660feb0a6f3688dd93b44316,2024-04-26 12:40:00,100,98
661e5ab66cbb713f6c7e033a,661901fca447be03ab123df6,Automation Essentials,660feb0a6f3688dd93b443a0,2024-04-25 12:40:00,100,61
661e5ab76cbb713f6c7e033b,661901fca447be03ab123df7,Automation Essentials,660feb0a6f3688dd93b443c2,2024-04-26 12:40:00,100,44
661e5ab76cbb713f6c7e033c,661901fca447be03ab123df8,Automation Essentials,660feb0a6f3688dd93b443b6,2024-04-26 12:40:00,100,85
661e5ab76cbb713f6c7e033d,661901fca447be03ab123df9,Automation Essentials,660feb0a6f3688dd93b44385,2024-04-25 12:40:00,100,65
661e5ab76cbb713f6c7e033e,661901fca447be03ab123dfa,Automation Essentials,660feb0a6f3688dd93b44364,2024-04-25 12:40:00,100,65
661e5ab76cbb713f6c7e033f,661901fca447be03ab123dfb,Automation Essentials,660feb0a6f3688dd93b44377,2024-04-27 12:40:00,100,73
661e5ab76cbb713f6c7e0340,661901fca447be03ab123dfc,Automation Essentials,660feb0a6f3688dd93b442fe,2024-04-27 12:40:00,100,49
661e5ab76cbb713f6c7e0341,661901fca447be03ab123dfd,Automation Essentials,660feb0a6f3688dd93b44348,2024-04-26 12:40:00,100,100
661e5ab76cbb713f6c7e0342,661901fca447be03ab123dfe,Automation Essentials,660feb0a6f3688dd93b4437e,2024-04-26 12:40:00,100,56
661e5ab76cbb713f6c7e0343,661901fca447be03ab123dff,Automation Essentials,660feb0a6f3688dd93b4432f,2024-04-25 12:40:00,100,42
661e5ab76cbb713f6c7e0344,661901fca447be03ab123e00,Automation Essentials,660feb0a6f3688dd93b4433e,2024-04-27 12:40:00,100,44
661e5ab76cbb713f6c7e0345,661901fca447be03ab123e01,Automation Essentials,660feb0a6f3688dd93b44379,2024-04-26 12:40:00,100,37
661e5ab76cbb713f6c7e0346,661901fca447be03ab123e02,Automation Essentials,660feb0a6f3688dd93b44382,2024-04-25 12:40:00,100,76
661e5ab76cbb713f6c7e0347,661901fca447be03ab123e03,Automation Essentials,660feb0a6f3688dd93b44308,2024-04-26 12:40:00,100,34
661e5ab86cbb713f6c7e0348,661901fca447be03ab123e04,Automation Essentials,660feb0a6f3688dd93b44366,2024-04-26 12:40:00,100,99
661e5ab86cbb713f6c7e0349,661901fca447be03ab123e05,Automation Essentials,660feb0a6f3688dd93b44381,2024-04-26 12:40:00,100,51
661e5ab86cbb713f6c7e034a,661901fca447be03ab123e06,Automation Essentials,660feb0a6f3688dd93b44373,2024-04-27 12:40:00,100,49
661e5ab86cbb713f6c7e034b,661901fca447be03ab123e07,Automation Essentials,660feb0a6f3688dd93b4437c,2024-04-27 12:40:00,100,78
661e5ab86cbb713f6c7e034c,661901fca447be03ab123e08,Automation Essentials,660feb0a6f3688dd93b4431f,2024-04-26 12:40:00,100,87
661e5ab86cbb713f6c7e034d,661901fca447be03ab123e09,Automation Essentials,660feb0a6f3688dd93b44339,2024-04-27 12:40:00,100,89
